,id,date,hour,dist_travelled_km,energy_consumed_kwh,regen_energy_kwh,idling_energy_kwh,net_energy_kwh,mileage_kwh_per_km,raw_datapoints,non_null_datapoints,raw_data_pcnt,non_null_data_pcnt
0,16,2025-09-01,0,16.88,18.27,0.55,1.54,17.72,1.05,3185,1213,88.47,38.08
1,16,2025-09-01,1,56.25,51.12,3.25,0.41,47.87,0.85,3192,3190,88.67,99.94
2,16,2025-09-01,2,73.5,63.8,4.84,0.0,58.96,0.8,3268,3265,90.78,99.91
3,16,2025-09-01,3,47.38,66.5,21.81,0.0,44.68,0.94,3330,3325,92.5,99.85
4,16,2025-09-01,4,7.12,11.08,4.24,0.0,6.84,0.96,3306,1112,91.83,33.64
5,16,2025-09-01,5,0.0,0.0,0.0,0.09,0.0,,3245,0,90.14,0.0
6,16,2025-09-01,6,0.0,0.0,0.0,0.02,0.0,,3442,0,95.61,0.0
7,16,2025-09-01,7,0.0,0.97,0.0,1.0,0.97,,1757,404,48.81,22.99
8,16,2025-09-01,8,3.5,7.3,0.0,0.24,7.3,2.09,2402,1884,66.72,78.43
9,16,2025-09-01,9,8.0,12.98,3.78,0.0,9.2,1.15,3342,3338,92.83,99.88
10,16,2025-09-01,10,22.96,34.77,11.01,0.0,23.76,1.03,3114,3111,86.5,99.9
11,16,2025-09-01,11,18.59,37.13,12.25,0.03,24.88,1.34,2816,2813,78.22,99.89
12,16,2025-09-01,12,64.12,65.19,9.21,0.0,55.98,0.87,2816,2813,78.22,99.89
13,16,2025-09-01,13,53.25,67.46,19.57,0.0,47.88,0.9,2954,2952,82.06,99.93
14,16,2025-09-01,14,33.5,38.87,10.73,0.06,28.13,0.84,1889,1817,52.47,96.19
15,16,2025-09-01,15,38.62,47.3,7.14,1.11,40.16,1.04,2309,2270,64.14,98.31
16,16,2025-09-01,16,52.12,67.15,19.25,0.0,47.9,0.92,2951,2948,81.97,99.9
17,16,2025-09-01,17,35.38,57.12,13.87,0.67,43.25,1.22,2915,2847,80.97,97.67
18,16,2025-09-01,18,0.0,0.0,0.0,0.13,0.0,,3259,0,90.53,0.0
19,16,2025-09-01,19,0.0,0.0,0.0,0.03,0.0,,3365,0,93.47,0.0
20,16,2025-09-01,20,0.0,0.0,0.0,0.57,0.0,,3233,0,89.81,0.0
21,16,2025-09-01,21,14.38,21.4,4.4,0.3,17.0,1.18,3114,3043,86.5,97.72
22,16,2025-09-01,22,46.25,42.26,14.48,0.46,27.79,0.6,3043,3038,84.53,99.84
23,16,2025-09-01,23,63.96,70.44,13.77,0.0,56.67,0.89,3130,3124,86.94,99.81
24,16,2025-09-02,0,11.62,16.83,4.82,0.72,12.0,1.03,3228,1532,89.67,47.46
25,16,2025-09-02,1,72.88,71.07,8.05,0.0,63.01,0.86,3158,3152,87.72,99.81
26,16,2025-09-02,2,67.62,64.05,7.33,0.23,56.72,0.84,3211,3206,89.19,99.84
27,16,2025-09-02,3,46.44,64.45,22.29,0.07,42.16,0.91,3357,3351,93.25,99.82
28,16,2025-09-02,4,5.75,7.94,3.06,0.08,4.88,0.85,3267,1626,90.75,49.77
29,16,2025-09-02,7,1.75,3.62,0.89,0.03,2.74,1.56,2355,695,65.42,29.51
30,16,2025-09-02,8,0.0,0.0,0.0,0.0,0.0,,697,0,19.36,0.0
31,16,2025-09-02,9,1.38,3.05,0.74,0.06,2.31,1.68,720,648,20.0,90.0
32,16,2025-09-02,10,5.12,7.49,2.85,0.1,4.64,0.9,1250,1228,34.72,98.24
33,16,2025-09-02,13,0.0,0.0,0.0,0.01,0.0,,123,0,3.42,0.0
34,16,2025-09-02,15,0.0,5.96,0.0,5.96,5.96,,2801,2199,77.81,78.51
35,16,2025-09-02,16,7.0,11.89,3.81,0.04,8.08,1.15,3345,2603,92.92,77.82
36,16,2025-09-02,17,0.0,0.0,0.0,0.05,0.0,,1858,0,51.61,0.0
37,16,2025-09-02,18,0.0,0.0,0.0,0.09,0.0,,2798,0,77.72,0.0
38,16,2025-09-02,19,1.5,2.69,0.0,0.16,2.69,1.79,3360,663,93.33,19.73
39,16,2025-09-02,20,0.0,0.0,0.0,0.0,0.0,,2762,0,76.72,0.0
40,16,2025-09-02,22,0.0,1.81,0.0,1.82,1.81,,2793,746,77.58,26.71
41,16,2025-09-03,6,0.0,0.0,0.0,0.09,0.0,,1025,0,28.47,0.0
42,16,2025-09-03,7,0.0,0.0,0.0,0.09,0.0,,892,0,24.78,0.0
43,16,2025-09-03,8,2.12,4.35,0.12,0.27,4.23,1.99,3279,1025,91.08,31.26
44,16,2025-09-03,9,8.12,19.04,5.04,0.17,14.0,1.72,3264,3159,90.67,96.78
45,16,2025-09-03,10,23.19,34.14,10.39,1.11,23.75,1.02,2854,2852,79.28,99.93
46,16,2025-09-03,11,16.62,27.58,10.66,0.01,16.91,1.02,2927,2926,81.31,99.97
47,16,2025-09-03,12,57.88,58.66,8.49,0.0,50.16,0.87,2738,2737,76.06,99.96
48,16,2025-09-03,13,49.69,66.56,15.51,0.12,51.04,1.03,2840,2839,78.89,99.96
49,16,2025-09-03,14,45.25,55.03,12.58,0.03,42.44,0.94,1846,1832,51.28,99.24
50,16,2025-09-03,15,20.17,24.75,2.75,0.9,22.0,1.09,1403,1395,38.97,99.43
51,16,2025-09-03,16,53.06,66.36,14.6,0.0,51.76,0.98,2261,2255,62.81,99.73
52,16,2025-09-03,17,48.17,76.3,15.67,0.01,60.63,1.26,2473,2459,68.69,99.43
53,16,2025-09-03,18,4.53,5.84,2.46,0.29,3.39,0.75,2702,760,75.06,28.13
54,16,2025-09-03,19,0.0,0.0,0.0,0.04,0.0,,2935,0,81.53,0.0
55,16,2025-09-03,20,0.0,0.46,0.0,0.58,0.46,,3046,183,84.61,6.01
56,16,2025-09-03,21,13.88,22.45,4.94,0.05,17.51,1.26,2642,2640,73.39,99.92
57,16,2025-09-03,22,49.62,44.01,15.36,0.01,28.65,0.58,2338,2333,64.94,99.79
58,16,2025-09-03,23,58.25,66.74,19.72,0.0,47.01,0.81,2125,2122,59.03,99.86
59,16,2025-09-04,0,11.38,15.32,3.08,1.21,12.24,1.08,2647,580,73.53,21.91
60,16,2025-09-04,1,71.21,68.03,8.95,0.0,59.08,0.83,2291,2287,63.64,99.83
61,16,2025-09-04,2,69.71,60.29,6.39,0.25,53.9,0.77,1975,1971,54.86,99.8
62,16,2025-09-04,3,49.94,64.83,20.92,0.29,43.91,0.88,1598,1597,44.39,99.94
63,16,2025-09-04,4,2.5,4.16,1.77,0.02,2.39,0.96,2866,168,79.61,5.86
64,16,2025-09-04,5,1.75,3.41,0.37,0.06,3.04,1.74,2771,380,76.97,13.71
65,16,2025-09-04,6,0.0,0.0,0.0,0.08,0.0,,1654,0,45.94,0.0
66,16,2025-09-04,7,0.62,0.78,0.0,0.49,0.78,1.25,1628,150,45.22,9.21
67,16,2025-09-04,8,4.73,11.71,0.22,0.0,11.49,2.43,1551,1545,43.08,99.61
68,16,2025-09-04,9,11.31,21.14,4.3,0.0,16.85,1.49,1534,1529,42.61,99.67
69,16,2025-09-04,10,22.71,34.95,10.68,0.0,24.27,1.07,1316,1314,36.56,99.85
70,16,2025-09-04,11,9.31,13.24,2.28,2.32,10.97,1.18,938,933,26.06,99.47
71,16,2025-09-04,12,20.25,46.71,6.17,1.12,40.53,2.0,1047,1046,29.08,99.9
72,16,2025-09-04,13,69.31,75.0,10.41,0.0,64.59,0.93,1453,1452,40.36,99.93
73,16,2025-09-04,14,59.16,73.2,14.24,0.12,58.96,1.0,2193,2156,60.92,98.31
74,16,2025-09-04,15,5.53,10.59,2.72,1.01,7.86,1.42,2970,743,82.5,25.02
75,16,2025-09-04,16,52.5,70.56,9.99,1.61,60.57,1.15,2205,2198,61.25,99.68
76,16,2025-09-04,17,42.23,67.67,14.98,0.19,52.69,1.25,2522,2519,70.06,99.88
77,16,2025-09-04,18,30.86,52.42,11.12,0.06,41.3,1.34,2469,2319,68.58,93.92
78,16,2025-09-04,19,0.0,0.0,0.0,0.02,0.0,,2952,0,82.0,0.0
79,16,2025-09-04,20,0.0,0.0,0.0,0.11,0.0,,2984,0,82.89,0.0
80,16,2025-09-04,21,13.05,20.04,5.37,1.3,14.67,1.12,2389,1975,66.36,82.67
81,16,2025-09-04,22,52.57,45.31,15.07,0.0,30.24,0.58,2332,2328,64.78,99.83
82,16,2025-09-04,23,61.92,61.61,12.65,0.08,48.96,0.79,2336,2135,64.89,91.4
83,16,2025-09-05,0,15.03,17.47,2.14,0.45,15.32,1.02,3009,686,83.58,22.8
84,16,2025-09-05,1,71.91,65.6,7.41,0.0,58.19,0.81,2027,2021,56.31,99.7
85,16,2025-09-05,2,69.0,59.66,7.95,0.27,51.71,0.75,1817,1811,50.47,99.67
86,16,2025-09-05,3,43.12,53.71,18.26,0.3,35.45,0.82,1701,1435,47.25,84.36
87,16,2025-09-05,4,0.0,2.53,0.0,2.53,2.53,,2789,416,77.47,14.92
88,16,2025-09-05,5,0.0,1.52,0.0,1.18,1.52,,2848,351,79.11,12.32
89,16,2025-09-05,6,1.75,2.66,0.54,0.19,2.12,1.21,1699,296,47.19,17.42
90,16,2025-09-05,7,0.0,0.04,0.0,0.1,0.04,,1252,43,34.78,3.43
91,16,2025-09-05,8,6.25,14.03,1.19,0.25,12.84,2.05,1232,1205,34.22,97.81
92,16,2025-09-05,9,14.88,26.22,2.98,2.33,23.24,1.56,1123,1122,31.19,99.91
93,16,2025-09-05,10,16.0,20.41,6.89,1.21,13.51,0.84,1407,1405,39.08,99.86
94,16,2025-09-05,11,11.0,16.31,5.08,2.5,11.23,1.02,1030,1028,28.61,99.81
95,16,2025-09-05,12,22.12,42.9,5.76,0.23,37.14,1.68,728,724,20.22,99.45
96,16,2025-09-05,13,59.58,64.03,8.07,0.0,55.96,0.94,1437,1436,39.92,99.93
97,16,2025-09-05,14,60.42,74.15,14.93,0.04,59.22,0.98,2372,2344,65.89,98.82
98,16,2025-09-05,15,12.92,18.13,4.12,0.08,14.01,1.09,896,873,24.89,97.43
99,16,2025-09-05,16,56.0,65.99,10.01,0.0,55.97,1.0,2340,2335,65.0,99.79
100,16,2025-09-05,17,53.96,81.18,16.81,0.29,64.38,1.19,2423,2420,67.31,99.88
101,16,2025-09-05,18,15.71,22.71,7.37,0.35,15.33,0.98,2780,1596,77.22,57.41
102,16,2025-09-05,19,0.0,0.0,0.0,0.26,0.0,,2803,0,77.86,0.0
103,16,2025-09-05,20,0.0,0.04,0.0,0.49,0.04,,2881,24,80.03,0.83
104,16,2025-09-05,21,10.75,17.85,3.84,2.63,14.01,1.3,2371,2045,65.86,86.25
105,16,2025-09-05,22,53.75,44.0,13.6,0.0,30.4,0.57,2467,2462,68.53,99.8
106,16,2025-09-05,23,61.14,66.53,12.25,0.0,54.28,0.89,2379,2376,66.08,99.87
107,16,2025-09-06,0,12.19,17.48,2.65,0.87,14.84,1.22,2822,830,78.39,29.41
108,16,2025-09-06,1,69.89,65.21,9.18,0.0,56.04,0.8,2118,2116,58.83,99.91
109,16,2025-09-06,2,68.2,56.15,6.24,0.0,49.91,0.73,1989,1986,55.25,99.85
110,16,2025-09-06,3,45.12,57.72,16.08,0.0,41.64,0.92,1582,1581,43.94,99.94
111,16,2025-09-06,4,6.75,9.93,3.42,0.09,6.51,0.96,1746,556,48.5,31.84
112,16,2025-09-06,5,0.0,0.0,0.0,0.03,0.0,,2064,0,57.33,0.0
113,16,2025-09-06,6,0.0,0.0,0.0,0.49,0.0,,370,0,10.28,0.0
114,16,2025-09-06,7,0.0,0.25,0.0,0.32,0.25,,711,243,19.75,34.18
115,16,2025-09-06,8,3.38,7.97,0.15,0.68,7.82,2.32,562,555,15.61,98.75
116,16,2025-09-06,9,21.69,35.13,9.64,0.01,25.49,1.18,1458,1457,40.5,99.93
117,16,2025-09-06,10,12.08,15.43,3.71,0.0,11.72,0.97,1406,1405,39.06,99.93
118,16,2025-09-06,11,11.62,16.3,3.21,0.01,13.09,1.13,1205,1203,33.47,99.83
119,16,2025-09-06,12,40.19,59.63,7.33,0.01,52.29,1.3,1339,1338,37.19,99.93
120,16,2025-09-06,13,49.75,58.37,10.69,0.0,47.68,0.96,1868,1865,51.89,99.84
121,16,2025-09-06,14,61.43,83.21,12.81,0.03,70.4,1.15,2310,2288,64.17,99.05
122,16,2025-09-06,15,9.88,16.63,2.88,0.34,13.75,1.39,909,876,25.25,96.37
123,16,2025-09-06,16,58.5,71.87,14.55,0.0,57.32,0.98,2550,2545,70.83,99.8
124,16,2025-09-06,17,49.5,79.96,16.28,0.0,63.67,1.29,2430,2426,67.5,99.84
125,16,2025-09-06,18,12.0,21.62,6.14,0.12,15.48,1.29,2532,1676,70.33,66.19
126,16,2025-09-06,19,0.0,0.0,0.0,0.21,0.0,,2751,0,76.42,0.0
127,16,2025-09-06,20,0.0,0.0,0.0,0.24,0.0,,2469,0,68.58,0.0
128,16,2025-09-06,21,10.75,19.86,3.89,0.13,15.97,1.49,2299,1914,63.86,83.25
129,16,2025-09-06,22,48.5,41.65,8.78,0.0,32.87,0.68,2494,2493,69.28,99.96
130,16,2025-09-06,23,63.08,70.66,16.33,0.0,54.33,0.86,2252,2251,62.56,99.96
131,16,2025-09-07,0,9.88,13.47,3.01,1.14,10.46,1.06,2918,702,81.06,24.06
132,16,2025-09-07,1,74.44,69.88,8.76,0.0,61.12,0.82,2253,2252,62.58,99.96
133,16,2025-09-07,2,69.91,60.95,7.0,0.07,53.94,0.77,1958,1957,54.39,99.95
134,16,2025-09-07,3,48.58,63.82,18.29,0.03,45.53,0.94,1529,1528,42.47,99.93
135,16,2025-09-07,4,1.21,2.99,0.6,0.39,2.39,1.98,3022,171,83.94,5.66
136,16,2025-09-07,5,0.12,0.21,0.01,0.01,0.2,1.61,3165,28,87.92,0.88
137,16,2025-09-07,6,1.5,3.48,0.11,0.13,3.37,2.24,1703,372,47.31,21.84
138,16,2025-09-07,7,0.0,0.0,0.0,0.2,0.0,,1524,0,42.33,0.0
139,16,2025-09-07,8,6.38,12.19,0.64,4.56,11.55,1.81,1596,1544,44.33,96.74
140,16,2025-09-07,9,14.12,27.81,5.16,3.47,22.65,1.6,1440,1439,40.0,99.93
141,16,2025-09-07,10,16.88,19.86,7.26,0.0,12.6,0.75,1504,1503,41.78,99.93
142,16,2025-09-07,11,11.62,18.36,5.37,0.12,13.0,1.12,1505,1504,41.81,99.93
143,16,2025-09-07,12,53.92,59.61,8.82,0.0,50.79,0.94,1248,1245,34.67,99.76
144,16,2025-09-07,13,58.25,68.52,13.68,0.0,54.84,0.94,2469,2464,68.58,99.8
145,16,2025-09-07,14,43.15,53.65,12.77,0.45,40.88,0.95,2227,1939,61.86,87.07
146,16,2025-09-07,15,20.04,26.26,3.61,0.84,22.64,1.13,2339,991,64.97,42.37
147,16,2025-09-07,16,56.39,77.73,15.38,0.0,62.35,1.11,2486,2482,69.06,99.84
148,16,2025-09-07,17,46.5,75.49,17.19,0.0,58.31,1.25,2522,2517,70.06,99.8
149,16,2025-09-07,18,2.88,5.73,1.26,0.07,4.47,1.55,2831,677,78.64,23.91
150,16,2025-09-07,19,0.0,0.0,0.0,0.02,0.0,,2270,0,63.06,0.0
151,16,2025-09-07,20,0.0,0.0,0.0,0.07,0.0,,3026,0,84.06,0.0
152,16,2025-09-07,21,11.12,18.62,3.58,1.01,15.04,1.35,2429,1805,67.47,74.31
153,16,2025-09-07,22,47.38,43.98,17.94,0.0,26.04,0.55,2233,2230,62.03,99.87
154,16,2025-09-07,23,66.11,68.66,11.81,0.0,56.86,0.86,2268,2262,63.0,99.74
155,16,2025-09-08,0,9.97,14.14,3.82,0.93,10.32,1.04,2776,655,77.11,23.6
156,16,2025-09-08,1,70.62,63.39,12.63,0.0,50.76,0.72,2285,2281,63.47,99.82
157,16,2025-09-08,2,66.11,57.68,8.22,0.17,49.46,0.75,2126,2124,59.06,99.91
158,16,2025-09-08,3,49.88,68.94,18.9,0.0,50.04,1.0,1633,1628,45.36,99.69
159,16,2025-09-08,4,7.0,12.15,3.25,0.17,8.9,1.27,672,507,18.67,75.45
160,16,2025-09-08,5,0.0,0.0,0.0,0.0,0.0,,498,0,13.83,0.0
161,16,2025-09-08,6,0.0,0.0,0.0,0.05,0.0,,1519,0,42.19,0.0
162,16,2025-09-08,7,0.0,0.0,0.0,2.72,0.0,,1534,0,42.61,0.0
163,16,2025-09-08,8,2.75,9.13,0.5,3.74,8.63,3.14,1571,1218,43.64,77.53
164,16,2025-09-08,9,9.88,16.51,3.06,0.0,13.46,1.36,1173,1172,32.58,99.91
165,16,2025-09-08,10,26.62,45.86,9.55,0.0,36.31,1.36,1237,1236,34.36,99.92
166,16,2025-09-08,11,9.75,18.34,4.45,1.09,13.89,1.42,1299,1298,36.08,99.92
167,16,2025-09-08,12,37.95,37.73,3.5,0.0,34.23,0.9,680,674,18.89,99.12
168,16,2025-09-08,13,37.38,48.95,9.1,0.0,39.85,1.07,1971,1970,54.75,99.95
169,16,2025-09-08,14,64.12,80.55,16.84,0.03,63.71,0.99,2384,2371,66.22,99.45
170,16,2025-09-08,15,14.34,18.21,1.74,0.66,16.47,1.15,2792,1079,77.56,38.65
171,16,2025-09-08,16,58.21,74.01,12.79,0.0,61.21,1.05,2439,2438,67.75,99.96
172,16,2025-09-08,17,47.59,70.82,15.76,0.0,55.06,1.16,2527,2526,70.19,99.96
173,16,2025-09-08,18,6.25,11.11,4.13,0.23,6.99,1.12,1869,630,51.92,33.71
174,16,2025-09-08,19,0.0,0.0,0.0,0.26,0.0,,2037,0,56.58,0.0
175,16,2025-09-08,20,0.0,0.0,0.0,1.17,0.0,,2118,0,58.83,0.0
176,16,2025-09-08,21,8.5,17.25,4.57,0.25,12.69,1.49,2080,1933,57.78,92.93
177,16,2025-09-08,22,48.25,41.71,12.37,0.0,29.34,0.61,2480,2479,68.89,99.96
178,16,2025-09-08,23,64.38,66.0,20.31,0.0,45.69,0.71,2424,2423,67.33,99.96
179,16,2025-09-09,0,17.98,22.94,3.82,0.46,19.12,1.06,2581,775,71.69,30.03
180,16,2025-09-09,1,73.23,68.54,11.09,0.0,57.44,0.78,2312,2311,64.22,99.96
181,16,2025-09-09,2,69.38,62.65,7.97,0.0,54.67,0.79,1802,1801,50.06,99.94
182,16,2025-09-09,3,43.58,60.8,20.09,0.23,40.7,0.93,1587,1586,44.08,99.94
183,16,2025-09-09,4,2.98,5.88,1.98,0.03,3.9,1.31,2993,243,83.14,8.12
184,16,2025-09-09,5,0.0,0.86,0.0,0.87,0.86,,2948,153,81.89,5.19
185,16,2025-09-09,6,0.0,0.0,0.0,0.03,0.0,,1625,0,45.14,0.0
186,16,2025-09-09,7,0.0,0.21,0.0,0.32,0.21,,1373,71,38.14,5.17
187,16,2025-09-09,8,6.25,15.2,1.3,3.5,13.9,2.22,1943,1403,53.97,72.21
188,16,2025-09-09,9,2.62,5.05,0.89,0.04,4.16,1.59,1977,285,54.92,14.42
189,16,2025-09-09,10,15.71,25.75,6.94,0.0,18.81,1.2,1183,1182,32.86,99.92
190,16,2025-09-09,11,16.22,29.01,9.33,0.0,19.68,1.21,1361,1360,37.81,99.93
191,16,2025-09-09,12,39.0,47.14,8.69,0.02,38.45,0.99,1447,1446,40.19,99.93
192,16,2025-09-09,13,61.81,69.99,13.9,0.04,56.09,0.91,2057,2019,57.14,98.15
193,16,2025-09-09,14,54.12,57.79,7.69,0.01,50.1,0.93,2380,1618,66.11,67.98
194,16,2025-09-09,15,23.75,47.77,1.72,0.3,46.04,1.94,2502,927,69.5,37.05
195,16,2025-09-09,16,31.08,50.79,12.32,0.0,38.47,1.24,1744,1743,48.44,99.94
196,16,2025-09-09,17,46.75,76.52,13.16,0.0,63.36,1.36,2425,2424,67.36,99.96
197,16,2025-09-09,18,2.62,4.67,1.52,0.47,3.15,1.2,1547,579,42.97,37.43
198,16,2025-09-09,19,0.0,0.0,0.0,0.04,0.0,,2199,0,61.08,0.0
199,16,2025-09-09,20,0.0,3.14,0.0,3.19,3.14,,2691,1125,74.75,41.81
200,16,2025-09-09,21,15.88,27.4,5.92,2.27,21.47,1.35,2528,2527,70.22,99.96
201,16,2025-09-09,22,53.0,51.04,15.43,1.36,35.61,0.67,2192,2191,60.89,99.95
202,16,2025-09-09,23,41.65,48.93,8.98,0.74,39.96,0.96,2311,2310,64.19,99.96
203,16,2025-09-10,0,17.15,16.49,2.86,0.24,13.63,0.79,2989,789,83.03,26.4
204,16,2025-09-10,1,64.28,63.18,6.43,0.0,56.75,0.88,2661,2660,73.92,99.96
205,16,2025-09-10,2,73.92,64.33,7.75,0.0,56.57,0.77,2033,2031,56.47,99.9
206,16,2025-09-10,3,50.5,70.69,19.44,0.0,51.25,1.01,1626,1625,45.17,99.94
207,16,2025-09-10,4,12.0,20.18,6.42,0.45,13.76,1.15,1605,653,44.58,40.69
208,16,2025-09-10,5,0.0,0.0,0.0,0.02,0.0,,2703,0,75.08,0.0
209,16,2025-09-10,6,0.0,0.0,0.0,0.1,0.0,,1518,0,42.17,0.0
210,16,2025-09-10,7,0.0,0.0,0.0,0.08,0.0,,770,0,21.39,0.0
211,16,2025-09-10,8,2.88,9.75,0.0,3.68,9.75,3.39,1057,1045,29.36,98.86
212,16,2025-09-10,9,8.88,17.94,4.22,2.75,13.72,1.55,1339,1338,37.19,99.93
213,16,2025-09-10,10,26.12,39.42,13.95,0.45,25.47,0.97,1456,1455,40.44,99.93
214,16,2025-09-10,11,10.88,21.77,4.45,0.01,17.32,1.59,1221,1220,33.92,99.92
215,16,2025-09-10,12,36.12,44.8,6.02,0.01,38.78,1.07,1060,1057,29.44,99.72
216,16,2025-09-10,13,59.45,68.06,11.41,0.0,56.65,0.95,2241,2240,62.25,99.96
217,16,2025-09-10,14,56.05,70.22,13.66,0.08,56.56,1.01,2486,2422,69.06,97.43
218,16,2025-09-10,15,3.4,4.71,1.23,0.75,3.48,1.02,1156,588,32.11,50.87
219,16,2025-09-10,16,51.38,48.88,10.14,0.29,38.74,0.75,2226,1688,61.83,75.83
220,16,2025-09-10,17,27.62,45.95,8.44,2.4,37.51,1.36,2558,2557,71.06,99.96
221,16,2025-09-10,18,43.34,72.49,13.07,0.0,59.41,1.37,2511,2510,69.75,99.96
222,16,2025-09-10,19,3.58,4.97,2.22,0.25,2.75,0.77,1577,505,43.81,32.02
223,16,2025-09-10,20,0.0,0.0,0.0,0.46,0.0,,1867,0,51.86,0.0
224,16,2025-09-10,21,8.38,16.59,4.44,0.54,12.14,1.45,2541,1409,70.58,55.45
225,16,2025-09-10,22,46.94,42.95,13.09,0.0,29.86,0.64,2498,2497,69.39,99.96
226,16,2025-09-10,23,54.66,62.15,13.16,0.0,48.99,0.9,2259,2258,62.75,99.96
227,16,2025-09-11,0,17.53,19.05,3.82,0.0,15.23,0.87,2909,725,80.81,24.92
228,16,2025-09-11,1,59.88,60.36,8.58,0.45,51.78,0.86,2009,1692,55.81,84.22
229,16,2025-09-11,2,75.75,67.87,5.87,0.0,62.0,0.82,2105,2104,58.47,99.95
230,16,2025-09-11,3,50.81,64.94,19.02,0.0,45.93,0.9,1531,1530,42.53,99.93
231,16,2025-09-11,4,14.12,20.22,8.35,0.02,11.86,0.84,718,715,19.94,99.58
232,16,2025-09-11,6,0.0,0.0,0.0,0.07,0.0,,1272,0,35.33,0.0
233,16,2025-09-11,7,0.0,0.0,0.0,0.44,0.0,,1960,0,54.44,0.0
234,16,2025-09-11,8,2.12,4.5,0.0,1.9,4.5,2.12,1405,260,39.03,18.51
235,16,2025-09-11,9,9.62,19.21,4.01,0.0,15.2,1.58,1335,1331,37.08,99.7
236,16,2025-09-11,10,25.38,34.48,9.74,0.89,24.74,0.98,1463,1462,40.64,99.93
237,16,2025-09-11,11,11.62,23.22,4.06,3.54,19.15,1.65,826,823,22.94,99.64
238,16,2025-09-11,12,54.5,52.52,7.58,0.0,44.94,0.82,1056,1054,29.33,99.81
239,16,2025-09-11,13,64.25,78.39,14.18,0.1,64.21,1.0,2049,2035,56.92,99.32
240,16,2025-09-11,14,36.5,41.88,13.29,0.12,28.59,0.78,2691,1348,74.75,50.09
241,16,2025-09-11,15,32.47,40.76,5.36,0.53,35.41,1.09,2812,1794,78.11,63.8
242,16,2025-09-11,16,53.36,73.55,15.6,0.0,57.95,1.09,2543,2537,70.64,99.76
243,16,2025-09-11,17,40.0,65.15,13.01,0.07,52.14,1.3,2464,2439,68.44,98.99
244,16,2025-09-11,18,0.0,0.0,0.0,0.15,0.0,,2740,0,76.11,0.0
245,16,2025-09-11,19,0.0,0.0,0.0,0.23,0.0,,2816,0,78.22,0.0
246,16,2025-09-11,20,0.0,1.01,0.0,1.14,1.01,,2924,312,81.22,10.67
247,16,2025-09-11,21,13.69,23.48,5.16,3.47,18.32,1.34,1902,1898,52.83,99.79
248,16,2025-09-11,22,43.12,34.35,9.08,0.01,25.27,0.59,2299,2296,63.86,99.87
249,16,2025-09-11,23,60.5,63.82,12.55,0.08,51.27,0.85,2334,2330,64.83,99.83
250,16,2025-09-12,0,10.15,11.06,2.35,0.52,8.71,0.86,2837,804,78.81,28.34
251,16,2025-09-12,1,67.42,64.33,8.16,0.16,56.18,0.83,2402,2397,66.72,99.79
252,16,2025-09-12,2,70.99,61.61,5.8,0.0,55.81,0.79,2115,2109,58.75,99.72
253,16,2025-09-12,3,46.33,59.31,16.24,0.0,43.07,0.93,1601,1600,44.47,99.94
254,16,2025-09-12,4,15.95,19.88,6.43,0.08,13.44,0.84,1367,832,37.97,60.86
255,16,2025-09-12,5,0.0,0.02,0.0,0.03,0.02,,3180,16,88.33,0.5
256,16,2025-09-12,6,0.0,0.05,0.0,0.11,0.05,,1798,12,49.94,0.67
257,16,2025-09-12,7,0.0,0.0,0.0,2.85,0.0,,1631,0,45.31,0.0
258,16,2025-09-12,8,3.75,7.26,1.1,3.84,6.16,1.64,1526,846,42.39,55.44
259,16,2025-09-12,9,19.12,19.84,3.67,0.01,16.16,0.85,1527,1526,42.42,99.93
260,16,2025-09-12,10,13.75,15.34,3.18,1.67,12.16,0.88,1429,1428,39.69,99.93
261,16,2025-09-12,11,11.75,51.51,2.72,1.95,48.79,4.15,1109,1106,30.81,99.73
262,16,2025-09-12,12,49.31,48.71,16.04,0.52,32.68,0.66,1235,1233,34.31,99.84
263,16,2025-09-12,13,56.56,67.91,12.36,0.0,55.55,0.98,2499,2498,69.42,99.96
264,16,2025-09-12,14,38.12,41.91,11.04,0.53,30.87,0.81,2211,1773,61.42,80.19
265,16,2025-09-12,15,3.12,6.12,0.81,0.38,5.3,1.7,1086,920,30.17,84.71
266,16,2025-09-12,16,60.62,74.85,12.21,0.0,62.65,1.03,2494,2493,69.28,99.96
267,16,2025-09-12,17,52.58,83.43,12.83,0.0,70.6,1.34,2362,2361,65.61,99.96
268,16,2025-09-12,18,12.75,21.0,8.29,0.07,12.72,1.0,2588,1436,71.89,55.49
269,16,2025-09-12,19,0.0,0.12,0.0,0.13,0.12,,2723,57,75.64,2.09
270,16,2025-09-12,20,0.0,0.0,0.0,0.48,0.0,,1672,0,46.44,0.0
271,16,2025-09-12,21,12.55,18.79,4.2,1.55,14.59,1.16,2330,2154,64.72,92.45
272,16,2025-09-12,22,47.02,50.96,14.2,0.21,36.76,0.78,2418,2417,67.17,99.96
273,16,2025-09-12,23,64.75,68.22,13.23,0.0,55.0,0.85,2390,2389,66.39,99.96
274,16,2025-09-13,0,10.95,16.39,3.79,0.42,12.6,1.15,2936,977,81.56,33.28
275,16,2025-09-13,1,72.08,65.89,6.25,0.0,59.64,0.83,2183,2182,60.64,99.95
276,16,2025-09-13,2,69.5,64.17,7.2,0.24,56.98,0.82,1932,1931,53.67,99.95
277,16,2025-09-13,3,47.88,62.05,18.4,0.0,43.65,0.91,1583,1582,43.97,99.94
278,16,2025-09-13,4,3.75,6.67,2.47,0.0,4.2,1.12,299,298,8.31,99.67
279,16,2025-09-13,6,0.12,0.49,0.0,0.02,0.49,3.9,1531,111,42.53,7.25
280,16,2025-09-13,7,0.0,0.12,0.0,0.52,0.12,,1841,54,51.14,2.93
281,16,2025-09-13,8,3.0,7.35,0.0,0.02,7.35,2.45,1705,520,47.36,30.5
282,16,2025-09-13,9,17.5,24.45,5.73,1.73,18.73,1.07,1623,1622,45.08,99.94
283,16,2025-09-13,10,16.38,17.1,3.65,0.84,13.45,0.82,1363,1362,37.86,99.93
284,16,2025-09-13,11,10.38,16.29,4.25,0.0,12.04,1.16,1229,1228,34.14,99.92
285,16,2025-09-13,12,41.28,46.34,7.31,0.0,39.03,0.95,1254,1253,34.83,99.92
286,16,2025-09-13,13,52.57,57.25,10.99,1.31,46.26,0.88,2332,2331,64.78,99.96
287,16,2025-09-13,14,60.93,80.49,15.85,0.05,64.63,1.06,2369,2341,65.81,98.82
288,16,2025-09-13,15,8.62,13.99,1.66,0.58,12.33,1.43,2738,742,76.06,27.1
289,16,2025-09-13,16,60.88,73.67,13.21,0.0,60.46,0.99,2457,2452,68.25,99.8
290,16,2025-09-13,17,48.62,77.84,14.74,0.0,63.1,1.3,2532,2528,70.33,99.84
291,16,2025-09-13,18,7.88,15.01,4.01,0.27,11.0,1.4,1898,1145,52.72,60.33
292,16,2025-09-13,19,0.0,0.11,0.0,0.92,0.11,,1465,18,40.69,1.23
293,16,2025-09-13,20,0.88,3.08,0.0,0.23,3.08,3.52,2587,584,71.86,22.57
294,16,2025-09-13,21,9.88,13.16,4.71,0.55,8.44,0.86,2761,985,76.69,35.68
295,16,2025-09-13,22,47.1,47.76,9.65,0.95,38.11,0.81,2326,2320,64.61,99.74
296,16,2025-09-13,23,39.55,47.35,11.95,0.01,35.4,0.89,2575,2570,71.53,99.81
297,16,2025-09-14,0,24.66,25.63,2.39,0.0,23.25,0.94,2383,2378,66.19,99.79
298,16,2025-09-14,1,13.33,19.98,4.05,0.6,15.93,1.19,2639,954,73.31,36.15
299,16,2025-09-14,2,71.73,64.45,5.3,0.0,59.15,0.82,2566,2560,71.28,99.77
300,16,2025-09-14,3,73.69,66.6,7.44,0.0,59.16,0.8,1941,1940,53.92,99.95
301,16,2025-09-14,4,44.38,63.03,18.21,0.01,44.81,1.01,1520,1504,42.22,98.95
302,16,2025-09-14,5,3.1,5.61,1.65,0.4,3.96,1.27,1705,242,47.36,14.19
303,16,2025-09-14,6,0.0,0.0,0.0,0.1,0.0,,1406,0,39.06,0.0
304,16,2025-09-14,7,0.0,6.01,0.0,6.01,6.01,,1291,1284,35.86,99.46
305,16,2025-09-14,8,1.38,4.54,0.3,0.02,4.24,3.08,900,295,25.0,32.78
306,16,2025-09-14,9,16.12,21.81,3.74,1.2,18.07,1.12,1263,1262,35.08,99.92
307,16,2025-09-14,10,19.88,21.25,3.45,0.0,17.8,0.9,1572,1570,43.67,99.87
308,16,2025-09-14,11,11.75,18.44,4.4,0.45,14.04,1.19,1349,1348,37.47,99.93
309,16,2025-09-14,12,60.0,57.1,10.19,0.0,46.91,0.78,1523,1522,42.31,99.93
310,16,2025-09-14,13,43.85,58.63,8.22,2.41,50.41,1.15,2440,2422,67.78,99.26
311,16,2025-09-14,14,51.38,57.69,10.95,0.15,46.74,0.91,2702,2263,75.06,83.75
312,16,2025-09-14,15,28.0,32.95,2.19,0.25,30.76,1.1,2750,1057,76.39,38.44
313,16,2025-09-14,16,51.75,69.91,13.62,0.0,56.29,1.09,2351,2349,65.31,99.91
314,16,2025-09-14,17,41.71,68.01,15.04,0.0,52.97,1.27,2574,2573,71.5,99.96
315,16,2025-09-14,18,4.38,10.69,2.08,0.92,8.62,1.97,2564,717,71.22,27.96
316,16,2025-09-14,19,0.0,0.0,0.0,0.9,0.0,,2732,0,75.89,0.0
317,16,2025-09-14,20,0.0,0.0,0.0,0.23,0.0,,2664,0,74.0,0.0
318,16,2025-09-14,21,14.75,23.55,4.88,2.67,18.67,1.27,2552,2495,70.89,97.77
319,16,2025-09-14,22,42.06,37.85,10.88,0.01,26.97,0.64,2116,2115,58.78,99.95
320,16,2025-09-14,23,62.62,68.48,11.69,0.0,56.78,0.91,2237,2236,62.14,99.96
321,3,2025-09-01,0,49.75,50.72,7.76,0.52,42.96,0.86,2921,2917,81.14,99.86
322,3,2025-09-01,1,61.0,55.27,8.09,0.09,47.19,0.77,3245,3240,90.14,99.85
323,3,2025-09-01,2,43.88,40.61,11.13,0.07,29.48,0.67,3243,2253,90.08,69.47
324,3,2025-09-01,3,31.12,35.7,5.01,0.95,30.69,0.99,3320,2304,92.22,69.4
325,3,2025-09-01,4,54.0,62.87,15.45,0.16,47.42,0.88,3174,3170,88.17,99.87
326,3,2025-09-01,5,48.75,69.39,15.54,0.4,53.84,1.1,3262,3259,90.61,99.91
327,3,2025-09-01,6,0.62,1.97,0.19,0.07,1.78,2.85,2681,544,74.47,20.29
328,3,2025-09-01,7,0.0,0.0,0.0,0.05,0.0,,3370,0,93.61,0.0
329,3,2025-09-01,8,8.38,11.76,1.57,0.9,10.19,1.22,2947,2348,81.86,79.67
330,3,2025-09-01,9,36.25,24.94,15.02,0.7,9.91,0.27,3051,3048,84.75,99.9
331,3,2025-09-01,10,41.62,39.29,10.69,0.51,28.6,0.69,2833,2832,78.69,99.96
332,3,2025-09-01,11,41.25,44.09,7.39,0.62,36.69,0.89,2569,2565,71.36,99.84
333,3,2025-09-01,12,33.75,38.0,7.52,0.6,30.49,0.9,2069,2042,57.47,98.7
334,3,2025-09-01,13,56.08,59.18,14.99,0.06,44.19,0.79,3059,3055,84.97,99.87
335,3,2025-09-01,14,61.5,54.63,7.87,0.16,46.76,0.76,2837,2833,78.81,99.86
336,3,2025-09-01,15,17.25,34.11,6.81,0.0,27.29,1.58,2192,2187,60.89,99.77
337,3,2025-09-01,16,23.75,26.59,10.46,0.06,16.14,0.68,3091,3089,85.86,99.94
338,3,2025-09-01,17,8.12,8.92,1.98,0.0,6.94,0.85,3153,3152,87.58,99.97
339,3,2025-09-01,18,2.62,4.6,0.77,0.0,3.83,1.46,3088,3087,85.78,99.97
340,3,2025-09-01,19,1.12,2.95,0.03,0.01,2.92,2.59,3311,3310,91.97,99.97
341,3,2025-09-01,20,0.12,1.59,0.0,0.27,1.59,12.73,3276,3275,91.0,99.97
342,3,2025-09-01,21,5.75,7.16,1.49,0.91,5.66,0.98,3174,3173,88.17,99.97
343,3,2025-09-01,22,0.0,1.89,0.0,1.89,1.89,,2377,2328,66.03,97.94
344,3,2025-09-02,9,7.25,6.8,1.82,0.07,4.98,0.69,1069,1041,29.69,97.38
345,3,2025-09-02,10,0.25,0.27,0.04,0.01,0.23,0.92,130,97,3.61,74.62
346,3,2025-09-02,11,0.12,0.31,0.0,0.02,0.31,2.46,194,174,5.39,89.69
347,3,2025-09-02,13,0.12,0.12,0.0,0.03,0.12,0.96,186,169,5.17,90.86
348,3,2025-09-02,16,0.0,0.4,0.0,0.4,0.4,,242,212,6.72,87.6
349,3,2025-09-02,17,1.5,3.54,0.3,0.36,3.24,2.16,1066,1060,29.61,99.44
350,3,2025-09-02,18,0.25,0.79,0.0,0.04,0.79,3.15,1842,526,51.17,28.56
351,3,2025-09-02,19,0.0,0.0,0.0,0.04,0.0,,3277,0,91.03,0.0
352,3,2025-09-02,20,0.0,0.0,0.0,0.36,0.0,,2462,0,68.39,0.0
353,3,2025-09-02,21,11.75,15.27,1.97,0.97,13.3,1.13,3285,3113,91.25,94.76
354,3,2025-09-02,22,20.12,19.03,4.18,1.16,14.86,0.74,3331,3326,92.53,99.85
355,3,2025-09-02,23,17.38,18.1,6.74,0.93,11.36,0.65,3186,3180,88.5,99.81
356,3,2025-09-03,0,47.88,43.77,6.66,0.44,37.11,0.78,3270,3265,90.83,99.85
357,3,2025-09-03,1,49.62,37.31,4.9,0.01,32.41,0.65,3253,3247,90.36,99.82
358,3,2025-09-03,2,57.5,48.58,8.33,0.0,40.25,0.7,3163,3157,87.86,99.81
359,3,2025-09-03,3,16.5,15.77,1.81,0.43,13.96,0.85,3261,1416,90.58,43.42
360,3,2025-09-03,4,42.02,39.56,9.35,0.05,30.22,0.72,3343,3337,92.86,99.82
361,3,2025-09-03,5,44.38,44.91,7.6,0.16,37.31,0.84,2854,2848,79.28,99.79
362,3,2025-09-03,6,22.38,22.3,3.5,0.6,18.8,0.84,2429,2423,67.47,99.75
363,3,2025-09-03,7,0.25,1.07,0.01,0.18,1.06,4.25,2686,478,74.61,17.8
364,3,2025-09-03,8,3.25,5.91,0.59,1.01,5.32,1.64,2844,1330,79.0,46.77
365,3,2025-09-03,9,37.0,27.26,13.12,0.72,14.14,0.38,2472,2467,68.67,99.8
366,3,2025-09-03,10,47.12,44.59,10.94,0.48,33.65,0.71,2563,2558,71.19,99.8
367,3,2025-09-03,11,39.94,39.9,7.35,0.03,32.55,0.81,2865,1896,79.58,66.18
368,3,2025-09-03,12,37.84,39.87,6.84,0.52,33.03,0.87,2586,1763,71.83,68.17
369,3,2025-09-03,13,50.61,44.2,8.96,0.0,35.24,0.7,2626,2621,72.94,99.81
370,3,2025-09-03,14,52.81,43.75,3.76,0.0,40.0,0.76,1646,1644,45.72,99.88
371,3,2025-09-03,15,16.94,17.05,4.15,0.0,12.91,0.76,1536,1531,42.67,99.67
372,3,2025-09-03,16,7.38,14.36,2.71,0.25,11.65,1.58,1071,1025,29.75,95.7
373,3,2025-09-03,17,0.38,3.16,0.02,0.15,3.14,8.37,1188,1186,33.0,99.83
374,3,2025-09-03,18,10.09,13.29,2.39,0.0,10.89,1.08,1400,1379,38.89,98.5
375,3,2025-09-03,19,19.5,17.89,5.18,0.05,12.71,0.65,1403,1402,38.97,99.93
376,3,2025-09-03,20,13.12,13.94,5.37,0.02,8.57,0.65,1563,1191,43.42,76.2
377,3,2025-09-03,21,0.0,0.0,0.0,0.31,0.0,,1661,0,46.14,0.0
378,3,2025-09-03,22,11.62,15.17,3.6,1.22,11.58,1.0,1557,1207,43.25,77.52
379,3,2025-09-03,23,25.0,23.73,5.89,0.07,17.84,0.71,1585,1581,44.03,99.75
380,3,2025-09-04,0,18.5,22.96,7.01,1.12,15.94,0.86,1573,1570,43.69,99.81
381,3,2025-09-04,1,57.5,49.63,7.49,0.0,42.14,0.73,1655,1652,45.97,99.82
382,3,2025-09-04,2,63.4,55.55,10.49,0.13,45.06,0.71,2021,2018,56.14,99.85
383,3,2025-09-04,3,19.04,16.0,4.49,0.11,11.51,0.6,2781,821,77.25,29.52
384,3,2025-09-04,4,40.5,42.06,6.69,0.39,35.37,0.87,2170,1253,60.28,57.74
385,3,2025-09-04,5,55.7,71.06,18.49,0.3,52.57,0.94,2254,2253,62.61,99.96
386,3,2025-09-04,6,28.6,39.59,13.6,0.24,25.99,0.91,2383,1635,66.19,68.61
387,3,2025-09-04,7,0.0,0.07,0.0,0.04,0.07,,426,23,11.83,5.4
388,3,2025-09-04,9,0.38,4.37,0.0,3.12,4.37,11.65,842,671,23.39,79.69
389,3,2025-09-04,10,0.0,0.0,0.0,0.0,0.0,,2874,0,79.83,0.0
390,3,2025-09-04,11,23.91,27.7,6.66,1.09,21.04,0.88,2736,2363,76.0,86.37
391,3,2025-09-04,12,42.78,36.62,14.29,0.82,22.34,0.52,2535,2533,70.42,99.92
392,3,2025-09-04,13,59.08,63.93,13.19,0.0,50.74,0.86,2601,2599,72.25,99.92
393,3,2025-09-04,14,21.12,24.92,4.06,0.17,20.87,0.99,2506,1142,69.61,45.57
394,3,2025-09-04,15,59.65,59.07,14.19,0.0,44.89,0.75,2384,2383,66.22,99.96
395,3,2025-09-04,16,65.17,56.9,8.35,0.0,48.55,0.74,1721,1719,47.81,99.88
396,3,2025-09-04,17,20.0,27.25,7.54,0.31,19.71,0.99,1441,1440,40.03,99.93
397,3,2025-09-04,18,23.38,20.86,6.28,0.0,14.58,0.62,1394,1393,38.72,99.93
398,3,2025-09-04,19,11.12,14.73,3.44,0.16,11.29,1.01,1431,1430,39.75,99.93
399,3,2025-09-04,20,0.5,1.18,0.24,0.3,0.94,1.88,1719,146,47.75,8.49
400,3,2025-09-04,21,1.75,3.84,0.54,0.97,3.29,1.88,1687,414,46.86,24.54
401,3,2025-09-04,22,20.73,28.32,5.75,2.29,22.57,1.09,1524,1523,42.33,99.93
402,3,2025-09-04,23,26.46,40.27,13.32,1.21,26.95,1.02,1409,1408,39.14,99.93
403,3,2025-09-05,0,35.0,37.44,7.01,0.99,30.44,0.87,1453,1452,40.36,99.93
404,3,2025-09-05,1,61.25,55.52,8.16,0.17,47.35,0.77,2111,2110,58.64,99.95
405,3,2025-09-05,2,59.62,57.91,11.26,0.02,46.66,0.78,2224,2223,61.78,99.96
406,3,2025-09-05,3,22.41,24.22,3.09,0.15,21.13,0.94,2665,799,74.03,29.98
407,3,2025-09-05,4,54.59,58.49,13.31,0.15,45.18,0.83,2119,2118,58.86,99.95
408,3,2025-09-05,5,47.38,60.08,11.5,0.12,48.58,1.03,1755,1754,48.75,99.94
409,3,2025-09-05,6,0.5,1.89,0.11,0.7,1.78,3.56,1754,283,48.72,16.13
410,3,2025-09-05,7,0.0,0.0,0.0,0.01,0.0,,2026,0,56.28,0.0
411,3,2025-09-05,8,11.0,17.29,2.96,2.19,14.34,1.3,2488,2165,69.11,87.02
412,3,2025-09-05,9,43.15,36.33,12.8,1.12,23.53,0.55,2592,2591,72.0,99.96
413,3,2025-09-05,10,51.42,60.26,14.32,0.18,45.94,0.89,2695,2692,74.86,99.89
414,3,2025-09-05,11,21.27,23.2,4.34,0.12,18.86,0.89,1088,956,30.22,87.87
415,3,2025-09-05,12,60.54,68.0,12.35,0.03,55.65,0.92,2417,2401,67.14,99.34
416,3,2025-09-05,13,46.12,54.29,10.77,0.0,43.52,0.94,2150,2149,59.72,99.95
417,3,2025-09-05,14,56.12,57.7,10.88,0.22,46.82,0.83,1412,1411,39.22,99.93
418,3,2025-09-05,15,10.5,22.09,4.02,0.0,18.07,1.72,1040,1036,28.89,99.62
419,3,2025-09-05,16,29.25,36.15,9.98,0.24,26.17,0.89,1431,1430,39.75,99.93
420,3,2025-09-05,17,7.25,14.33,3.49,1.27,10.84,1.49,1940,938,53.89,48.35
421,3,2025-09-05,18,0.0,0.07,0.0,0.14,0.07,,2145,34,59.58,1.59
422,3,2025-09-05,19,0.0,0.0,0.0,0.28,0.0,,1640,0,45.56,0.0
423,3,2025-09-05,20,0.0,4.98,0.0,4.99,4.98,,1468,1276,40.78,86.92
424,3,2025-09-05,21,7.12,9.29,1.3,0.99,7.98,1.12,1601,1600,44.47,99.94
425,3,2025-09-05,22,17.0,23.91,6.34,1.31,17.57,1.03,1483,1482,41.19,99.93
426,3,2025-09-05,23,24.38,32.53,10.13,0.79,22.4,0.92,1466,1465,40.72,99.93
427,3,2025-09-06,0,44.75,40.75,6.91,0.19,33.84,0.76,1561,1560,43.36,99.94
428,3,2025-09-06,1,57.0,51.31,7.82,0.0,43.49,0.76,1925,1923,53.47,99.9
429,3,2025-09-06,2,23.12,20.99,4.81,0.08,16.18,0.7,2948,1252,81.89,42.47
430,3,2025-09-06,3,57.05,57.36,10.8,0.0,46.56,0.82,2576,2572,71.56,99.84
431,3,2025-09-06,4,50.54,58.43,15.46,0.0,42.97,0.85,2489,2487,69.14,99.92
432,3,2025-09-06,5,43.98,63.46,11.31,0.06,52.15,1.19,2037,2035,56.58,99.9
433,3,2025-09-06,6,6.12,8.5,3.23,0.5,5.27,0.86,2834,745,78.72,26.29
434,3,2025-09-06,7,0.0,0.0,0.0,0.06,0.0,,3023,0,83.97,0.0
435,3,2025-09-06,8,5.25,10.74,0.66,1.45,10.08,1.92,2900,1646,80.56,56.76
436,3,2025-09-06,9,46.04,35.06,12.18,0.49,22.88,0.5,2578,2575,71.61,99.88
437,3,2025-09-06,10,48.62,53.95,9.78,1.38,44.16,0.91,2625,2623,72.92,99.92
438,3,2025-09-06,11,26.98,31.68,4.08,5.12,27.59,1.02,2679,2674,74.42,99.81
439,3,2025-09-06,12,44.75,48.39,8.82,1.17,39.57,0.88,2359,2356,65.53,99.87
440,3,2025-09-06,13,43.25,48.26,10.0,0.0,38.26,0.88,2465,2463,68.47,99.92
441,3,2025-09-06,14,55.5,50.68,4.35,0.4,46.34,0.83,1694,1692,47.06,99.88
442,3,2025-09-06,15,19.12,34.61,9.24,0.4,25.37,1.33,1481,1480,41.14,99.93
443,3,2025-09-06,16,26.42,32.79,9.56,0.0,23.22,0.88,1512,1511,42.0,99.93
444,3,2025-09-06,17,11.06,15.73,4.31,1.21,11.42,1.03,1777,1065,49.36,59.93
445,3,2025-09-06,18,0.0,5.75,0.0,5.77,5.75,,1398,934,38.83,66.81
446,3,2025-09-06,19,0.0,0.0,0.0,0.11,0.0,,1184,0,32.89,0.0
447,3,2025-09-06,20,0.0,0.0,0.0,4.53,0.0,,1553,0,43.14,0.0
448,3,2025-09-06,21,9.0,15.26,1.43,4.06,13.83,1.54,1640,1231,45.56,75.06
449,3,2025-09-06,22,21.0,25.36,6.14,2.37,19.22,0.92,1609,1608,44.69,99.94
450,3,2025-09-06,23,19.38,24.39,9.77,0.64,14.62,0.75,1508,1507,41.89,99.93
451,3,2025-09-07,0,52.62,48.52,8.21,0.0,40.3,0.77,1600,1599,44.44,99.94
452,3,2025-09-07,1,48.17,48.04,12.76,0.45,35.28,0.73,1606,1605,44.61,99.94
453,3,2025-09-07,2,54.25,52.72,7.7,1.71,45.01,0.83,2203,2202,61.19,99.95
454,3,2025-09-07,3,36.28,38.94,6.61,3.17,32.33,0.89,1952,1951,54.22,99.95
455,3,2025-09-07,4,40.53,49.03,11.8,0.42,37.24,0.92,2534,2533,70.39,99.96
456,3,2025-09-07,5,48.09,62.49,11.2,0.02,51.29,1.07,2217,2216,61.58,99.95
457,3,2025-09-07,6,0.0,0.1,0.0,0.12,0.1,,2765,126,76.81,4.56
458,3,2025-09-07,7,0.0,0.0,0.0,0.06,0.0,,2810,0,78.06,0.0
459,3,2025-09-07,8,10.62,14.84,1.65,1.97,13.19,1.24,2748,1502,76.33,54.66
460,3,2025-09-07,9,45.62,35.98,14.83,1.44,21.16,0.46,2465,2464,68.47,99.96
461,3,2025-09-07,10,49.52,52.93,10.18,0.98,42.75,0.86,2584,2583,71.78,99.96
462,3,2025-09-07,11,20.69,29.03,4.25,6.44,24.78,1.2,2730,2729,75.83,99.96
463,3,2025-09-07,12,48.12,48.76,9.78,0.0,38.98,0.81,2326,2321,64.61,99.79
464,3,2025-09-07,13,43.5,44.1,6.99,0.0,37.12,0.85,2414,2413,67.06,99.96
465,3,2025-09-07,14,55.75,45.62,7.32,0.0,38.3,0.69,1563,1561,43.42,99.87
466,3,2025-09-07,15,20.88,35.17,8.35,0.93,26.82,1.28,1518,1517,42.17,99.93
467,3,2025-09-07,16,32.12,31.43,10.2,0.02,21.23,0.66,1631,1594,45.31,97.73
468,3,2025-09-07,17,0.0,0.0,0.0,0.09,0.0,,1057,0,29.36,0.0
469,3,2025-09-07,18,0.0,0.0,0.0,0.15,0.0,,1560,0,43.33,0.0
470,3,2025-09-07,19,0.0,0.0,0.0,5.22,0.0,,1570,0,43.61,0.0
471,3,2025-09-07,20,0.0,0.05,0.0,0.06,0.05,,1620,54,45.0,3.33
472,3,2025-09-07,21,11.75,13.45,1.96,0.97,11.49,0.98,1620,1619,45.0,99.94
473,3,2025-09-07,22,22.62,24.77,5.03,0.95,19.74,0.87,1536,1535,42.67,99.93
474,3,2025-09-07,23,14.69,15.67,4.63,1.5,11.04,0.75,1510,1509,41.94,99.93
475,3,2025-09-08,0,52.88,48.54,5.54,0.1,43.0,0.81,1523,1522,42.31,99.93
476,3,2025-09-08,1,67.64,53.49,5.91,0.0,47.58,0.7,1528,1527,42.44,99.93
477,3,2025-09-08,2,35.07,27.39,3.43,0.09,23.96,0.68,2872,1304,79.78,45.4
478,3,2025-09-08,3,57.08,55.01,6.78,0.05,48.23,0.84,2153,1964,59.81,91.22
479,3,2025-09-08,4,57.5,67.1,10.92,0.0,56.17,0.98,1885,1880,52.36,99.73
480,3,2025-09-08,5,10.62,11.68,4.07,0.02,7.6,0.72,2302,688,63.94,29.89
481,3,2025-09-08,6,0.0,0.0,0.0,0.09,0.0,,1731,0,48.08,0.0
482,3,2025-09-08,7,0.0,0.14,0.0,0.03,0.14,,2503,28,69.53,1.12
483,3,2025-09-08,8,9.48,15.37,1.52,2.36,13.85,1.46,2703,2697,75.08,99.78
484,3,2025-09-08,9,48.48,32.06,12.65,0.0,19.41,0.4,2596,2591,72.11,99.81
485,3,2025-09-08,10,61.08,56.55,8.84,0.0,47.71,0.78,2481,2476,68.92,99.8
486,3,2025-09-08,11,14.25,18.2,2.75,4.58,15.45,1.08,2780,2774,77.22,99.78
487,3,2025-09-08,12,61.5,57.95,8.88,0.0,49.06,0.8,2549,2544,70.81,99.8
488,3,2025-09-08,13,61.25,56.41,5.18,0.57,51.23,0.84,2103,2101,58.42,99.9
489,3,2025-09-08,14,29.71,37.9,7.49,0.49,30.41,1.02,1392,1391,38.67,99.93
490,3,2025-09-08,15,28.0,35.24,5.98,0.0,29.26,1.04,1500,1499,41.67,99.93
491,3,2025-09-08,16,14.0,18.2,3.33,0.17,14.88,1.06,1259,1246,34.97,98.97
492,3,2025-09-08,17,0.0,0.0,0.0,0.02,0.0,,802,0,22.28,0.0
493,3,2025-09-08,18,0.0,0.0,0.0,0.09,0.0,,1518,0,42.17,0.0
494,3,2025-09-08,19,0.0,0.0,0.0,6.04,0.0,,1663,0,46.19,0.0
495,3,2025-09-08,20,0.0,5.42,0.0,7.01,5.42,,1473,1206,40.92,81.87
496,3,2025-09-08,21,11.62,13.76,1.26,1.01,12.5,1.08,1525,1524,42.36,99.93
497,3,2025-09-08,22,21.75,19.16,3.11,0.0,16.05,0.74,1438,1437,39.94,99.93
498,3,2025-09-08,23,15.62,17.79,5.74,1.03,12.05,0.77,1432,1431,39.78,99.93
499,3,2025-09-09,0,49.0,47.02,5.28,0.9,41.74,0.85,1459,1458,40.53,99.93
500,3,2025-09-09,1,70.17,58.5,6.06,0.0,52.44,0.75,1683,1682,46.75,99.94
501,3,2025-09-09,2,36.62,31.49,3.94,0.02,27.55,0.75,2634,1213,73.17,46.05
502,3,2025-09-09,3,49.38,42.19,3.38,0.24,38.81,0.79,2324,1579,64.56,67.94
503,3,2025-09-09,4,37.75,41.35,7.62,0.0,33.73,0.89,2058,2057,57.17,99.95
504,3,2025-09-09,5,38.0,44.26,6.22,0.19,38.04,1.0,1830,1657,50.83,90.55
505,3,2025-09-09,6,0.0,0.0,0.0,0.0,0.0,,1952,0,54.22,0.0
506,3,2025-09-09,7,0.0,0.0,0.0,0.02,0.0,,2135,0,59.31,0.0
507,3,2025-09-09,8,9.5,13.81,1.19,1.63,12.62,1.33,2399,2071,66.64,86.33
508,3,2025-09-09,9,47.23,30.79,10.65,0.05,20.14,0.43,2610,2609,72.5,99.96
509,3,2025-09-09,10,54.0,54.95,8.72,0.79,46.24,0.86,2692,2691,74.78,99.96
510,3,2025-09-09,11,17.25,18.95,3.83,2.5,15.12,0.88,1411,1403,39.19,99.43
511,3,2025-09-09,12,51.09,51.98,7.77,0.01,44.22,0.87,2567,2566,71.31,99.96
512,3,2025-09-09,13,58.97,60.33,8.9,0.0,51.43,0.87,2378,2375,66.06,99.87
513,3,2025-09-09,14,45.75,49.89,8.11,0.17,41.78,0.91,1449,1448,40.25,99.93
514,3,2025-09-09,15,12.46,25.77,4.96,0.84,20.8,1.67,1514,1513,42.06,99.93
515,3,2025-09-09,16,29.06,37.43,10.1,0.12,27.33,0.94,1429,1428,39.69,99.93
516,3,2025-09-09,17,1.66,4.59,0.62,0.92,3.97,2.39,975,435,27.08,44.62
517,3,2025-09-09,18,0.0,0.0,0.0,0.3,0.0,,1409,0,39.14,0.0
518,3,2025-09-09,19,0.0,4.79,0.0,4.94,4.79,,1395,601,38.75,43.08
519,3,2025-09-09,20,0.0,8.87,0.0,8.7,8.87,,1365,1292,37.92,94.65
520,3,2025-09-09,21,11.62,18.63,4.8,2.84,13.82,1.19,1459,1458,40.53,99.93
521,3,2025-09-09,22,21.88,28.66,7.26,1.84,21.4,0.98,1400,1399,38.89,99.93
522,3,2025-09-09,23,15.5,26.43,7.02,1.72,19.41,1.25,1374,1373,38.17,99.93
523,3,2025-09-10,0,60.88,56.87,8.46,0.0,48.41,0.8,1411,1410,39.19,99.93
524,3,2025-09-10,1,61.5,57.65,10.8,0.04,46.85,0.76,1677,1488,46.58,88.73
525,3,2025-09-10,2,16.5,18.18,2.49,0.72,15.68,0.95,2553,641,70.92,25.11
526,3,2025-09-10,3,59.23,52.38,9.48,0.0,42.9,0.72,2222,2219,61.72,99.86
527,3,2025-09-10,4,52.23,70.9,14.38,0.25,56.52,1.08,2186,2183,60.72,99.86
528,3,2025-09-10,5,29.88,46.63,8.53,0.75,38.1,1.28,2211,1594,61.42,72.09
529,3,2025-09-10,6,0.0,0.0,0.0,0.12,0.0,,2243,0,62.31,0.0
530,3,2025-09-10,7,0.0,0.0,0.0,0.08,0.0,,942,0,26.17,0.0
531,3,2025-09-10,8,7.0,11.68,0.47,2.22,11.2,1.6,1693,1670,47.03,98.64
532,3,2025-09-10,9,38.58,36.07,12.32,1.98,23.75,0.62,2591,2586,71.97,99.81
533,3,2025-09-10,10,46.25,51.21,9.5,1.58,41.71,0.9,2573,2568,71.47,99.81
534,3,2025-09-10,11,60.62,66.4,12.9,0.0,53.51,0.88,2606,2601,72.39,99.81
535,3,2025-09-10,12,20.12,22.73,2.89,0.94,19.83,0.99,2948,1322,81.89,44.84
536,3,2025-09-10,13,62.25,63.83,8.89,0.0,54.94,0.88,2315,2312,64.31,99.87
537,3,2025-09-10,14,43.67,45.83,9.32,0.22,36.51,0.84,1315,1314,36.53,99.92
538,3,2025-09-10,15,11.12,25.81,3.81,0.6,22.0,1.98,1484,1482,41.22,99.87
539,3,2025-09-10,16,28.25,40.29,10.69,0.81,29.6,1.05,1551,1528,43.08,98.52
540,3,2025-09-10,17,3.84,8.95,1.5,5.14,7.45,1.94,1573,962,43.69,61.16
541,3,2025-09-10,18,0.0,0.0,0.0,1.29,0.0,,1666,0,46.28,0.0
542,3,2025-09-10,19,0.0,0.79,0.0,1.17,0.79,,1572,103,43.67,6.55
543,3,2025-09-10,20,0.0,8.08,0.0,8.08,8.08,,1495,1494,41.53,99.93
544,3,2025-09-10,21,11.62,17.28,4.67,1.58,12.61,1.08,1507,1506,41.86,99.93
545,3,2025-09-10,22,23.25,26.6,8.36,2.07,18.24,0.78,1484,1483,41.22,99.93
546,3,2025-09-10,23,14.25,20.92,9.48,1.12,11.44,0.8,1416,1413,39.33,99.79
547,3,2025-09-11,0,59.05,53.95,8.09,0.25,45.85,0.78,1440,1439,40.0,99.93
548,3,2025-09-11,1,63.73,56.31,9.47,0.33,46.84,0.74,2548,2543,70.78,99.8
549,3,2025-09-11,2,4.12,5.37,0.11,0.9,5.26,1.27,3059,524,84.97,17.13
550,3,2025-09-11,3,66.29,61.58,11.43,0.0,50.15,0.76,2525,2520,70.14,99.8
551,3,2025-09-11,4,49.62,63.16,17.06,0.3,46.1,0.93,1961,1956,54.47,99.75
552,3,2025-09-11,5,37.62,51.41,11.65,0.46,39.76,1.06,1785,1630,49.58,91.32
553,3,2025-09-11,6,0.0,0.0,0.0,0.08,0.0,,2196,0,61.0,0.0
554,3,2025-09-11,7,0.0,0.0,0.0,0.06,0.0,,2895,0,80.42,0.0
555,3,2025-09-11,8,6.88,13.45,1.45,2.22,12.0,1.74,2535,2261,70.42,89.19
556,3,2025-09-11,9,44.38,38.05,14.39,0.91,23.66,0.53,2459,2458,68.31,99.96
557,3,2025-09-11,10,51.33,64.34,13.63,0.76,50.71,0.99,2515,2514,69.86,99.96
558,3,2025-09-11,11,55.85,60.5,13.42,0.0,47.08,0.84,2024,2022,56.22,99.9
559,3,2025-09-11,12,26.75,26.39,2.92,1.3,23.47,0.88,1372,1355,38.11,98.76
560,3,2025-09-11,13,54.0,56.28,7.7,0.18,48.57,0.9,2161,2160,60.03,99.95
561,3,2025-09-11,14,40.5,49.36,9.86,0.6,39.5,0.98,1383,1382,38.42,99.93
562,3,2025-09-11,15,8.5,18.79,2.4,1.27,16.39,1.93,1504,1503,41.78,99.93
563,3,2025-09-11,16,33.59,37.92,13.11,0.0,24.81,0.74,1599,1598,44.42,99.94
564,3,2025-09-11,17,1.12,2.59,0.53,0.19,2.06,1.84,819,329,22.75,40.17
565,3,2025-09-11,18,0.0,0.0,0.0,0.08,0.0,,1620,0,45.0,0.0
566,3,2025-09-11,19,0.0,5.93,0.0,6.08,5.93,,1442,1150,40.06,79.75
567,3,2025-09-11,20,0.0,4.07,0.0,4.07,4.07,,1593,1592,44.25,99.94
568,3,2025-09-11,21,16.5,17.98,4.93,1.26,13.05,0.79,1626,1625,45.17,99.94
569,3,2025-09-11,22,24.75,25.3,9.79,0.48,15.51,0.63,1561,1560,43.36,99.94
570,3,2025-09-11,23,8.5,11.2,2.73,1.96,8.47,1.0,1954,1139,54.28,58.29
571,3,2025-09-12,0,0.0,0.0,0.0,1.36,0.0,,441,0,12.25,0.0
572,3,2025-09-12,1,0.0,0.0,0.0,0.69,0.0,,165,0,4.58,0.0
573,3,2025-09-12,6,1.0,2.02,0.18,0.54,1.83,1.83,586,512,16.28,87.37
574,3,2025-09-12,7,0.0,1.31,0.0,1.31,1.31,,293,285,8.14,97.27
575,3,2025-09-12,8,0.0,5.32,0.0,5.06,5.32,,1689,1688,46.92,99.94
576,3,2025-09-12,9,0.0,1.34,0.0,1.34,1.34,,1690,1689,46.94,99.94
577,3,2025-09-12,10,0.0,0.24,0.0,0.24,0.24,,269,267,7.47,99.26
578,3,2025-09-12,16,0.0,0.16,0.0,0.16,0.16,,134,109,3.72,81.34
579,3,2025-09-12,17,0.0,5.79,0.0,5.79,5.79,,1541,1538,42.81,99.81
580,3,2025-09-12,18,2.88,8.72,0.53,3.26,8.2,2.85,1484,1483,41.22,99.93
581,3,2025-09-12,19,14.5,17.17,3.63,0.0,13.54,0.93,1371,1348,38.08,98.32
582,3,2025-09-12,20,16.75,20.43,5.25,0.62,15.19,0.91,1472,1471,40.89,99.93
583,3,2025-09-12,21,20.38,20.43,6.41,0.05,14.01,0.69,1651,1115,45.86,67.53
584,3,2025-09-12,22,4.28,8.31,0.0,1.23,8.31,1.94,1624,763,45.11,46.98
585,3,2025-09-12,23,16.53,22.35,4.45,3.04,17.9,1.08,1652,1651,45.89,99.94
586,3,2025-09-13,0,28.19,33.05,10.75,0.9,22.29,0.79,1609,1608,44.69,99.94
587,3,2025-09-13,1,48.12,46.23,8.2,0.72,38.03,0.79,1696,1695,47.11,99.94
588,3,2025-09-13,2,66.88,54.63,7.83,0.0,46.8,0.7,1910,1908,53.06,99.9
589,3,2025-09-13,3,27.92,28.7,4.3,0.0,24.4,0.87,2500,2496,69.44,99.84
590,3,2025-09-13,4,62.35,62.63,11.03,0.0,51.6,0.83,2194,2190,60.94,99.82
591,3,2025-09-13,5,41.19,50.66,11.59,0.26,39.08,0.95,2350,2349,65.28,99.96
592,3,2025-09-13,6,33.9,44.49,10.55,0.25,33.94,1.0,2299,2159,63.86,93.91
593,3,2025-09-13,7,0.0,0.0,0.0,0.06,0.0,,2384,0,66.22,0.0
594,3,2025-09-13,8,3.22,6.27,0.0,1.2,6.27,1.95,2139,1134,59.42,53.02
595,3,2025-09-13,9,41.1,35.51,12.08,1.22,23.43,0.57,2479,2473,68.86,99.76
596,3,2025-09-13,10,41.5,44.66,13.24,1.61,31.42,0.76,2501,2496,69.47,99.8
597,3,2025-09-13,11,52.88,59.07,12.55,1.1,46.52,0.88,2566,2560,71.28,99.77
598,3,2025-09-13,12,19.67,30.02,7.31,6.09,22.71,1.15,2477,2472,68.81,99.8
599,3,2025-09-13,13,48.84,58.41,11.12,1.26,47.29,0.97,2327,2321,64.64,99.74
600,3,2025-09-13,14,62.21,64.87,6.24,0.0,58.63,0.94,1615,1604,44.86,99.32
601,3,2025-09-13,15,14.62,24.55,4.64,1.32,19.91,1.36,1407,1406,39.08,99.93
602,3,2025-09-13,16,17.12,24.89,4.23,0.0,20.66,1.21,1502,1501,41.72,99.93
603,3,2025-09-13,17,22.12,23.18,5.96,0.09,17.22,0.78,1350,1348,37.5,99.85
604,3,2025-09-13,18,0.0,0.0,0.0,0.05,0.0,,1280,0,35.56,0.0
605,3,2025-09-13,19,0.0,0.0,0.0,0.06,0.0,,1619,0,44.97,0.0
606,3,2025-09-13,20,0.0,5.26,0.0,6.16,5.26,,1395,1110,38.75,79.57
607,3,2025-09-13,21,11.75,12.23,1.82,2.6,10.41,0.89,1439,1196,39.97,83.11
608,3,2025-09-13,22,23.65,20.79,3.39,1.94,17.4,0.74,1426,1425,39.61,99.93
609,3,2025-09-13,23,13.17,18.68,4.41,1.06,14.27,1.08,1349,1348,37.47,99.93
610,3,2025-09-14,0,49.38,48.8,6.69,0.0,42.1,0.85,1486,1485,41.28,99.93
611,3,2025-09-14,1,70.29,59.14,7.91,0.0,51.24,0.73,2267,2266,62.97,99.96
612,3,2025-09-14,2,15.5,14.82,1.83,1.22,12.99,0.84,2888,928,80.22,32.13
613,3,2025-09-14,3,69.28,63.27,11.02,0.0,52.26,0.75,2701,2699,75.03,99.93
614,3,2025-09-14,4,47.08,58.13,9.59,0.24,48.54,1.03,2028,2026,56.33,99.9
615,3,2025-09-14,5,29.0,32.67,5.14,0.03,27.52,0.95,2208,1485,61.33,67.26
616,3,2025-09-14,6,0.0,0.0,0.0,0.16,0.0,,2958,0,82.17,0.0
617,3,2025-09-14,7,0.0,0.0,0.0,0.16,0.0,,3070,0,85.28,0.0
618,3,2025-09-14,8,11.0,12.35,2.03,1.54,10.32,0.94,2507,1988,69.64,79.3
619,3,2025-09-14,9,34.75,23.95,7.67,0.25,16.28,0.47,2754,2752,76.5,99.93
620,3,2025-09-14,10,47.84,43.61,10.84,0.0,32.77,0.68,2609,2607,72.47,99.92
621,3,2025-09-14,11,57.31,49.45,10.05,0.0,39.39,0.69,2520,2518,70.0,99.92
622,3,2025-09-14,12,28.04,25.2,3.07,0.07,22.13,0.79,1105,1093,30.69,98.91
623,3,2025-09-14,13,60.88,60.08,7.98,0.0,52.09,0.86,2211,2208,61.42,99.86
624,3,2025-09-14,14,41.5,43.34,8.42,0.65,34.92,0.84,1362,1361,37.83,99.93
625,3,2025-09-14,15,33.38,31.31,7.5,0.0,23.82,0.71,1418,1417,39.39,99.93
626,3,2025-09-14,16,8.25,12.64,2.21,4.32,10.43,1.26,1482,1480,41.17,99.87
627,3,2025-09-14,17,0.0,6.71,0.0,6.62,6.71,,1491,1489,41.42,99.87
628,3,2025-09-14,18,0.0,0.13,0.0,0.1,0.13,,1399,34,38.86,2.43
629,3,2025-09-14,19,0.0,0.0,0.0,2.25,0.0,,1717,0,47.69,0.0
630,3,2025-09-14,20,0.0,0.0,0.0,4.49,0.0,,1529,1,42.47,0.07
631,3,2025-09-14,21,11.75,12.1,1.24,2.35,10.86,0.92,1548,1547,43.0,99.94
632,3,2025-09-14,22,26.44,21.8,5.12,0.8,16.68,0.63,1547,1545,42.97,99.87
633,3,2025-09-14,23,12.75,16.87,3.77,1.78,13.1,1.03,1379,1376,38.31,99.78
