,vehicle_id,timestamp,dt,IST,ts_mins,total_battery_current,bat_voltage,gear_position,odometerreading,vehicle_speed_vcu,vehiclereadycondition,gun_connection_status,ignitionstatus,latitude,longitude,altitude,ground_speed_kmph,charger_proximity,dist_from_loc,proximity_rank
5017,18,2025-09-20 21:47:01.342,2025-09-20,2025-09-21 03:17:01.342,2025-09-20 21:47:00,12.1,638.4,2.0,2635.375,3.54,1.0,0.0,1.0,28.423065,76.99196,222.8,0.0,NEAR_GGN,22.37,1
5211,18,2025-09-20 21:54:33.443,2025-09-20,2025-09-21 03:24:33.443,2025-09-20 21:54:00,8.3,638.0,2.0,2635.375,0.0,1.0,0.0,1.0,28.423178,76.992065,223.4,,NEAR_GGN,33.91,1
8921,18,2025-09-21 00:26:01.414,2025-09-21,2025-09-21 05:56:01.414,2025-09-21 00:26:00,7.6,638.4,2.0,2635.38,4.99,1.0,0.0,1.0,28.423502,76.99238,214.0,0.0,NEAR_GGN,78.12,1
8931,18,2025-09-21 00:26:22.314,2025-09-21,2025-09-21 05:56:22.314,2025-09-21 00:26:00,9.1,638.3,2.0,2635.5,0.0,1.0,0.0,1.0,28.423735,76.99265,214.6,,NEAR_GGN,114.83,1
8946,18,2025-09-21 00:27:00.294,2025-09-21,2025-09-21 05:57:00.294,2025-09-21 00:27:00,167.1,636.4,2.0,2635.51,26.23,1.0,0.0,1.0,28.424402,76.993355,211.8,0.0,NEAR_GGN,215.5,1
17186,18,2025-09-21 05:07:03.519,2025-09-21,2025-09-21 10:37:03.519,2025-09-21 05:07:00,311.7,623.3,2.0,2845.875,60.53,1.0,0.0,1.0,29.547909,77.74651,254.7,73.2,NEAR_MZF,202.91,1
17208,18,2025-09-21 05:08:00.639,2025-09-21,2025-09-21 10:38:00.639,2025-09-21 05:08:00,18.4,628.8,2.0,2846.5,0.07,1.0,0.0,1.0,29.549381,77.747734,255.9,3.92,NEAR_MZF,4.98,1
19766,18,2025-09-21 05:59:03.001,2025-09-21,2025-09-21 11:29:03.001,2025-09-21 05:59:00,,,2.0,2846.5,4.84,1.0,0.0,1.0,29.549416,77.74778,255.4,11.52,NEAR_MZF,7.94,1
32990,18,2025-09-21 11:44:05.882,2025-09-21,2025-09-21 17:14:05.882,2025-09-21 11:44:00,10.3,621.7,2.0,2990.375,5.7,1.0,0.0,1.0,30.289133,78.000145,612.3,0.0,NEAR_DDN,190.0,1
33035,18,2025-09-21 11:45:08.142,2025-09-21,2025-09-21 17:15:08.142,2025-09-21 11:45:00,9.8,622.6,2.0,2990.38,0.0,1.0,0.0,1.0,30.289118,78.000046,626.5,5.06,NEAR_DDN,183.39,1
33072,18,2025-09-21 11:45:52.542,2025-09-21,2025-09-21 17:15:52.542,2025-09-21 11:45:00,12.1,622.6,2.0,2990.38,0.0,1.0,0.0,1.0,30.289118,78.000046,626.5,,NEAR_DDN,183.39,1
33097,18,2025-09-21 11:46:21.542,2025-09-21,2025-09-21 17:16:21.542,2025-09-21 11:46:00,8.7,622.6,2.0,2990.38,0.0,1.0,0.0,1.0,30.288897,78.00002,622.9,,NEAR_DDN,161.63,1
33135,18,2025-09-21 11:47:05.222,2025-09-21,2025-09-21 17:17:05.222,2025-09-21 11:47:00,-55.7,622.0,2.0,2990.51,13.08,1.0,0.0,1.0,30.288029,77.99922,612.5,8.28,NEAR_DDN,38.75,1
33214,18,2025-09-21 11:48:50.502,2025-09-21,2025-09-21 17:18:50.502,2025-09-21 11:48:00,3.1,622.8,2.0,2990.5,0.0,1.0,0.0,1.0,30.287981,77.999054,613.3,,NEAR_DDN,28.9,1
37396,18,2025-09-21 13:24:00.262,2025-09-21,2025-09-21 18:54:00.262,2025-09-21 13:24:00,18.2,641.6,2.0,2990.62,5.83,1.0,0.0,1.0,30.287916,77.99939,603.2,5.35,NEAR_DDN,40.83,1
37400,18,2025-09-21 13:24:04.602,2025-09-21,2025-09-21 18:54:04.602,2025-09-21 13:24:00,11.0,641.6,2.0,2990.62,0.0,1.0,0.0,1.0,30.288446,77.999916,604.6,,NEAR_DDN,117.19,1
37448,18,2025-09-21 13:25:01.662,2025-09-21,2025-09-21 18:55:01.662,2025-09-21 13:25:00,12.3,640.8,2.0,2990.75,4.88,1.0,0.0,1.0,30.288704,78.000084,601.1,5.22,NEAR_DDN,148.94,1
37502,18,2025-09-21 13:26:02.141,2025-09-21,2025-09-21 18:56:02.141,2025-09-21 13:26:00,,,2.0,2990.9,28.7,1.0,0.0,1.0,30.289242,77.99891,605.0,11.34,NEAR_DDN,169.4,1
37552,18,2025-09-21 13:27:00.922,2025-09-21,2025-09-21 18:57:00.922,2025-09-21 13:27:00,-2.3,640.4,2.0,2991.125,10.93,1.0,0.0,1.0,30.28884,77.99716,604.3,7.05,NEAR_DDN,218.31,1
37568,18,2025-09-21 13:27:21.462,2025-09-21,2025-09-21 18:57:21.462,2025-09-21 13:27:00,9.7,640.4,2.0,2991.125,0.0,1.0,0.0,1.0,30.288832,77.996796,610.4,,NEAR_DDN,247.39,1
37596,18,2025-09-21 13:27:53.995,2025-09-21,2025-09-21 18:57:53.995,2025-09-21 13:27:00,,,2.0,2991.12,0.0,1.0,0.0,1.0,30.288832,77.996796,610.4,,NEAR_DDN,247.39,1
37605,18,2025-09-21 13:28:04.287,2025-09-21,2025-09-21 18:58:04.287,2025-09-21 13:28:00,,,2.0,2991.12,1.9,1.0,0.0,1.0,30.288967,77.99722,604.1,5.57,NEAR_DDN,222.11,1
37654,18,2025-09-21 13:29:00.941,2025-09-21,2025-09-21 18:59:00.941,2025-09-21 13:29:00,-64.9,641.4,2.0,2991.375,13.11,1.0,0.0,1.0,30.289314,77.998795,602.7,6.99,NEAR_DDN,178.44,1
42534,18,2025-09-21 16:24:08.035,2025-09-21,2025-09-21 21:54:08.035,2025-09-21 16:24:00,-255.3,631.8,2.0,3115.99,73.29,1.0,0.0,1.0,29.549559,77.74804,249.3,75.77,NEAR_MZF,36.85,1
42646,18,2025-09-21 16:27:05.495,2025-09-21,2025-09-21 21:57:05.495,2025-09-21 16:27:00,-256.8,636.5,2.0,3118.23,55.19,1.0,0.0,1.0,29.549408,77.74771,252.2,0.0,NEAR_MZF,1.29,1
42669,18,2025-09-21 16:27:39.115,2025-09-21,2025-09-21 21:57:39.115,2025-09-21 16:27:00,14.9,635.3,2.0,3118.375,0.0,1.0,0.0,1.0,29.549408,77.74771,252.2,,NEAR_MZF,1.29,1
44978,18,2025-09-21 17:18:00.609,2025-09-21,2025-09-21 22:48:00.609,2025-09-21 17:18:00,103.4,638.5,2.0,3118.38,10.18,1.0,0.0,1.0,29.550802,77.74896,254.2,20.84,NEAR_MZF,196.87,1
45017,18,2025-09-21 17:19:00.629,2025-09-21,2025-09-21 22:49:00.629,2025-09-21 17:19:00,,,2.0,3118.625,3.12,1.0,0.0,1.0,29.549236,77.74782,256.7,13.08,NEAR_MZF,22.95,1
45032,18,2025-09-21 17:19:32.409,2025-09-21,2025-09-21 22:49:32.409,2025-09-21 17:19:00,17.8,639.6,2.0,3118.88,0.0,1.0,0.0,1.0,29.54896,77.74756,254.6,,NEAR_MZF,52.11,1
45045,18,2025-09-21 17:20:00.709,2025-09-21,2025-09-21 22:50:00.709,2025-09-21 17:20:00,311.0,630.6,2.0,3119.0,56.59,1.0,0.0,1.0,29.548046,77.74674,255.0,53.84,NEAR_MZF,178.02,1
52224,18,2025-09-21 21:23:07.486,2025-09-21,2025-09-22 02:53:07.486,2025-09-21 21:23:00,208.9,624.4,2.0,3326.69,38.04,1.0,0.0,1.0,28.423805,76.992714,223.2,13.65,NEAR_GGN,124.6,1
52249,18,2025-09-21 21:24:02.926,2025-09-21,2025-09-22 02:54:02.926,2025-09-21 21:24:00,30.5,628.7,2.0,3327.0,4.13,1.0,0.0,1.0,28.422953,76.991425,218.5,8.69,NEAR_GGN,33.75,1
52302,18,2025-09-21 21:26:03.806,2025-09-21,2025-09-22 02:56:03.806,2025-09-21 21:26:00,7.8,629.1,2.0,3327.12,1.64,1.0,0.0,1.0,28.42294,76.991516,225.8,0.0,NEAR_GGN,26.99,1
52306,18,2025-09-21 21:26:12.946,2025-09-21,2025-09-22 02:56:12.946,2025-09-21 21:26:00,2.9,629.2,2.0,3327.125,0.0,1.0,0.0,1.0,28.42294,76.991516,225.8,,NEAR_GGN,26.99,1
52330,18,2025-09-21 21:27:01.946,2025-09-21,2025-09-22 02:57:01.946,2025-09-21 21:27:00,8.2,629.2,2.0,3327.12,1.72,1.0,0.0,1.0,28.423054,76.991646,227.2,1.44,NEAR_GGN,9.4,1
52493,18,2025-09-21 21:33:02.466,2025-09-21,2025-09-22 03:03:02.466,2025-09-21 21:33:00,4.3,630.0,2.0,3327.125,0.65,1.0,0.0,1.0,28.422945,76.991486,227.3,0.0,NEAR_GGN,29.04,1
56705,18,2025-09-22 00:25:02.581,2025-09-22,2025-09-22 05:55:02.581,2025-09-22 00:25:00,31.0,640.2,2.0,3327.25,4.59,1.0,0.0,1.0,28.424023,76.992905,217.4,30.37,NEAR_GGN,154.59,1
67056,18,2025-09-22 06:05:00.023,2025-09-22,2025-09-22 11:35:00.023,2025-09-22 06:05:00,245.4,634.8,2.0,3536.125,38.37,1.0,0.0,1.0,29.550282,77.74857,257.6,0.0,NEAR_MZF,128.27,1
72559,18,2025-09-22 08:22:03.073,2025-09-22,2025-09-22 13:52:03.073,2025-09-22 08:22:00,73.6,625.6,2.0,3661.25,37.46,1.0,0.0,1.0,30.289219,78.00031,629.6,0.0,NEAR_DDN,206.97,1
72746,18,2025-09-22 08:26:00.112,2025-09-22,2025-09-22 13:56:00.112,2025-09-22 08:26:00,19.3,627.6,2.0,3661.5,0.0,1.0,0.0,1.0,30.289186,78.00004,619.4,0.0,NEAR_DDN,189.53,1
72769,18,2025-09-22 08:26:29.332,2025-09-22,2025-09-22 13:56:29.332,2025-09-22 08:26:00,13.5,627.9,2.0,3661.5,0.0,1.0,0.0,1.0,30.289186,78.00004,619.4,,NEAR_DDN,189.53,1
72793,18,2025-09-22 08:27:02.913,2025-09-22,2025-09-22 13:57:02.913,2025-09-22 08:27:00,13.8,628.0,2.0,3661.5,0.22,1.0,0.0,1.0,30.288897,77.999954,617.1,0.0,NEAR_DDN,157.98,1
72795,18,2025-09-22 08:27:05.792,2025-09-22,2025-09-22 13:57:05.792,2025-09-22 08:27:00,14.0,628.0,2.0,3661.5,0.0,1.0,0.0,1.0,30.288897,77.999954,617.1,,NEAR_DDN,157.98,1
72824,18,2025-09-22 08:27:39.533,2025-09-22,2025-09-22 13:57:39.533,2025-09-22 08:27:00,15.1,628.0,2.0,3661.5,0.0,1.0,0.0,1.0,30.288897,77.999954,617.1,,NEAR_DDN,157.98,1
72891,18,2025-09-22 08:29:06.952,2025-09-22,2025-09-22 13:59:06.952,2025-09-22 08:29:00,6.3,627.3,2.0,3661.75,10.26,1.0,0.0,1.0,30.28782,77.998985,604.4,0.0,NEAR_DDN,11.69,1
72917,18,2025-09-22 08:29:48.952,2025-09-22,2025-09-22 13:59:48.952,2025-09-22 08:29:00,15.8,628.0,2.0,3661.75,0.0,1.0,0.0,1.0,30.28803,77.99896,604.0,,NEAR_DDN,34.88,1
80346,18,2025-09-22 11:16:20.288,2025-09-22,2025-09-22 16:46:20.288,2025-09-22 11:16:00,,,2.0,3661.88,0.0,1.0,0.0,1.0,30.287819,77.99898,606.4,,NEAR_DDN,11.77,1
80348,18,2025-09-22 11:16:23.048,2025-09-22,2025-09-22 16:46:23.048,2025-09-22 11:16:00,7.8,647.1,2.0,3661.875,0.0,1.0,0.0,1.0,30.287819,77.99898,606.4,,NEAR_DDN,11.77,1
80379,18,2025-09-22 11:17:00.389,2025-09-22,2025-09-22 16:47:00.389,2025-09-22 11:17:00,,,2.0,3661.89,7.34,1.0,0.0,1.0,30.287971,77.99907,606.0,8.49,NEAR_DDN,27.97,1
80429,18,2025-09-22 11:18:00.428,2025-09-22,2025-09-22 16:48:00.428,2025-09-22 11:18:00,20.0,644.7,2.0,3661.88,12.83,1.0,0.0,1.0,30.288666,77.99997,578.2,4.45,NEAR_DDN,138.5,1
80481,18,2025-09-22 11:19:00.282,2025-09-22,2025-09-22 16:49:00.282,2025-09-22 11:19:00,,,2.0,3662.0,2.49,1.0,0.0,1.0,30.288912,78.000015,587.0,0.0,NEAR_DDN,162.7,1
80547,18,2025-09-22 11:20:21.269,2025-09-22,2025-09-22 16:50:21.269,2025-09-22 11:20:00,18.6,643.1,2.0,3662.0,0.0,1.0,0.0,1.0,30.289164,78.00005,602.0,,NEAR_DDN,187.94,1
80580,18,2025-09-22 11:21:00.569,2025-09-22,2025-09-22 16:51:00.569,2025-09-22 11:21:00,17.3,642.3,2.0,3662.0,21.26,1.0,0.0,1.0,30.289162,77.998505,613.4,16.64,NEAR_DDN,167.84,1
80634,18,2025-09-22 11:22:00.968,2025-09-22,2025-09-22 16:52:00.968,2025-09-22 11:22:00,16.5,642.1,2.0,3662.38,2.45,1.0,0.0,1.0,30.288795,77.99716,597.6,0.0,NEAR_DDN,215.5,1
80645,18,2025-09-22 11:22:15.448,2025-09-22,2025-09-22 16:52:15.448,2025-09-22 11:22:00,16.7,641.9,2.0,3662.375,0.0,1.0,0.0,1.0,30.288746,77.99706,599.0,,NEAR_DDN,220.7,1
80658,18,2025-09-22 11:22:31.248,2025-09-22,2025-09-22 16:52:31.248,2025-09-22 11:22:00,,,2.0,3662.38,0.0,1.0,0.0,1.0,30.288746,77.99706,599.0,,NEAR_DDN,220.7,1
80663,18,2025-09-22 11:22:38.228,2025-09-22,2025-09-22 16:52:38.228,2025-09-22 11:22:00,20.4,641.7,2.0,3662.38,0.0,1.0,0.0,1.0,30.288746,77.99706,599.0,,NEAR_DDN,220.7,1
80668,18,2025-09-22 11:22:44.148,2025-09-22,2025-09-22 16:52:44.148,2025-09-22 11:22:00,20.2,641.7,2.0,3662.38,0.0,1.0,0.0,1.0,30.288746,77.99706,599.0,,NEAR_DDN,220.7,1
80674,18,2025-09-22 11:22:51.928,2025-09-22,2025-09-22 16:52:51.928,2025-09-22 11:22:00,19.2,641.7,2.0,3662.375,0.0,1.0,0.0,1.0,30.288746,77.99706,599.0,,NEAR_DDN,220.7,1
80681,18,2025-09-22 11:23:01.448,2025-09-22,2025-09-22 16:53:01.448,2025-09-22 11:23:00,,,2.0,3662.375,2.33,1.0,0.0,1.0,30.288774,77.996956,600.5,3.6,NEAR_DDN,230.87,1
80704,18,2025-09-22 11:23:28.389,2025-09-22,2025-09-22 16:53:28.389,2025-09-22 11:23:00,19.6,641.4,2.0,3662.375,0.0,1.0,0.0,1.0,30.288774,77.996956,600.5,,NEAR_DDN,230.87,1
80731,18,2025-09-22 11:24:03.888,2025-09-22,2025-09-22 16:54:03.888,2025-09-22 11:24:00,23.2,641.2,2.0,3662.375,2.21,1.0,0.0,1.0,30.28908,77.99752,605.9,11.97,NEAR_DDN,209.27,1
80783,18,2025-09-22 11:25:01.928,2025-09-22,2025-09-22 16:55:01.928,2025-09-22 11:25:00,18.1,639.7,2.0,3662.5,21.44,1.0,0.0,1.0,30.28926,77.99868,607.1,12.16,NEAR_DDN,174.27,1
87370,18,2025-09-22 14:17:03.382,2025-09-22,2025-09-22 19:47:03.382,2025-09-22 14:17:00,-84.1,641.2,2.0,3787.875,51.42,1.0,0.0,1.0,29.54958,77.74804,255.4,75.38,NEAR_MZF,37.94,1
87454,18,2025-09-22 14:19:04.062,2025-09-22,2025-09-22 19:49:04.062,2025-09-22 14:19:00,67.6,632.7,2.0,3789.25,48.92,1.0,0.0,1.0,29.549252,77.74749,254.0,75.38,NEAR_MZF,26.93,1
87504,18,2025-09-22 14:20:00.922,2025-09-22,2025-09-22 19:50:00.922,2025-09-22 14:20:00,,,2.0,3789.5,0.0,1.0,0.0,1.0,29.549446,77.74748,252.0,75.38,NEAR_MZF,21.4,1
89463,18,2025-09-22 14:57:05.822,2025-09-22,2025-09-22 20:27:05.822,2025-09-22 14:57:00,15.2,638.7,2.0,3789.5,3.1,1.0,0.0,1.0,29.54934,77.74765,260.1,0.0,NEAR_MZF,9.35,1
89477,18,2025-09-22 14:57:21.522,2025-09-22,2025-09-22 20:27:21.522,2025-09-22 14:57:00,8.4,638.4,2.0,3789.5,0.0,1.0,0.0,1.0,29.54934,77.74765,260.1,,NEAR_MZF,9.35,1
89513,18,2025-09-22 14:58:06.202,2025-09-22,2025-09-22 20:28:06.202,2025-09-22 14:58:00,8.6,638.4,2.0,3789.5,0.0,1.0,0.0,1.0,29.54935,77.74769,259.4,0.0,NEAR_MZF,7.05,1
89517,18,2025-09-22 14:58:11.922,2025-09-22,2025-09-22 20:28:11.922,2025-09-22 14:58:00,8.0,638.4,2.0,3789.5,0.0,1.0,0.0,1.0,29.54935,77.74769,259.3,,NEAR_MZF,7.05,1
89529,18,2025-09-22 14:58:24.522,2025-09-22,2025-09-22 20:28:24.522,2025-09-22 14:58:00,,,2.0,3789.5,0.0,1.0,0.0,1.0,29.54935,77.74769,259.3,,NEAR_MZF,7.05,1
89536,18,2025-09-22 14:58:34.363,2025-09-22,2025-09-22 20:28:34.363,2025-09-22 14:58:00,,,2.0,3789.5,0.0,1.0,0.0,1.0,29.54935,77.74769,259.3,,NEAR_MZF,7.05,1
90255,18,2025-09-22 15:13:04.163,2025-09-22,2025-09-22 20:43:04.163,2025-09-22 15:13:00,192.3,628.8,2.0,3791.125,75.55,1.0,0.0,1.0,29.549904,77.74838,253.3,0.0,NEAR_MZF,85.63,1
97968,19,2025-09-20 19:35:12.753,2025-09-20,2025-09-21 01:05:12.753,2025-09-20 19:35:00,78.1,620.3,2.0,3822.5,39.55,1.0,0.0,1.0,30.289024,78.00002,611.6,56.47,NEAR_DDN,173.25,1
97995,19,2025-09-20 19:36:10.435,2025-09-20,2025-09-21 01:06:10.435,2025-09-20 19:36:00,9.3,623.1,2.0,3822.625,0.0,1.0,0.0,1.0,30.288862,78.00005,607.8,56.47,NEAR_DDN,160.25,1
98005,19,2025-09-20 19:36:33.833,2025-09-20,2025-09-21 01:06:33.833,2025-09-20 19:36:00,9.0,623.1,2.0,3822.625,0.0,1.0,0.0,1.0,30.288862,78.00005,607.8,,NEAR_DDN,160.25,1
98022,19,2025-09-20 19:37:12.333,2025-09-20,2025-09-21 01:07:12.333,2025-09-20 19:37:00,14.8,623.0,2.0,3822.625,0.0,1.0,0.0,1.0,30.28881,78.00007,608.4,56.47,NEAR_DDN,156.93,1
98043,19,2025-09-20 19:38:01.853,2025-09-20,2025-09-21 01:08:01.853,2025-09-20 19:38:00,15.9,622.8,2.0,3822.625,0.0,1.0,0.0,1.0,30.288626,78.000046,606.8,56.47,NEAR_DDN,140.14,1
98056,19,2025-09-20 19:38:33.133,2025-09-20,2025-09-21 01:08:33.133,2025-09-20 19:38:00,13.9,622.9,2.0,3822.625,0.0,1.0,0.0,1.0,30.288626,78.000046,606.8,,NEAR_DDN,140.14,1
98067,19,2025-09-20 19:39:01.933,2025-09-20,2025-09-21 01:09:01.933,2025-09-20 19:39:00,17.7,622.9,2.0,3822.62,2.54,1.0,0.0,1.0,30.288303,77.999756,603.1,56.47,NEAR_DDN,95.11,1
98102,19,2025-09-20 19:40:08.913,2025-09-20,2025-09-21 01:10:08.913,2025-09-20 19:40:00,14.7,622.8,2.0,3822.75,1.84,1.0,0.0,1.0,30.287933,77.99903,602.5,56.47,NEAR_DDN,23.46,1
98129,19,2025-09-20 19:40:43.413,2025-09-20,2025-09-21 01:10:43.413,2025-09-20 19:40:00,13.1,622.8,2.0,3822.75,0.0,1.0,0.0,1.0,30.287933,77.99903,602.5,,NEAR_DDN,23.46,1
98162,19,2025-09-20 19:41:34.732,2025-09-20,2025-09-21 01:11:34.732,2025-09-20 19:41:00,9.3,623.0,2.0,3822.75,0.0,1.0,0.0,1.0,30.288038,77.99904,606.2,,NEAR_DDN,35.15,1
98184,19,2025-09-20 19:42:01.833,2025-09-20,2025-09-21 01:12:01.833,2025-09-20 19:42:00,18.4,622.9,2.0,3822.875,2.1,1.0,0.0,1.0,30.288113,77.99908,608.5,56.47,NEAR_DDN,43.75,1
105444,19,2025-09-20 23:15:27.533,2025-09-20,2025-09-21 04:45:27.533,2025-09-20 23:15:00,7.9,645.6,2.0,3822.88,0.0,1.0,0.0,1.0,30.287872,77.99904,613.1,,NEAR_DDN,16.71,1
105467,19,2025-09-20 23:16:00.513,2025-09-20,2025-09-21 04:46:00.513,2025-09-20 23:16:00,9.8,645.1,2.0,3822.88,5.6,1.0,0.0,1.0,30.287935,77.999146,612.7,4.59,NEAR_DDN,26.21,1
105504,19,2025-09-20 23:17:01.373,2025-09-20,2025-09-21 04:47:01.373,2025-09-20 23:17:00,19.0,643.9,2.0,3823.0,6.34,1.0,0.0,1.0,30.288431,77.99992,607.3,8.05,NEAR_DDN,116.34,1
105538,19,2025-09-20 23:18:01.033,2025-09-20,2025-09-21 04:48:01.033,2025-09-20 23:18:00,22.0,642.9,2.0,3823.0,3.15,1.0,0.0,1.0,30.288866,78.000084,608.6,0.0,NEAR_DDN,162.61,1
105541,19,2025-09-20 23:18:07.033,2025-09-20,2025-09-21 04:48:07.033,2025-09-20 23:18:00,17.3,643.0,2.0,3823.0,0.0,1.0,0.0,1.0,30.288868,78.00009,608.8,,NEAR_DDN,163.15,1
105579,19,2025-09-20 23:19:00.433,2025-09-20,2025-09-21 04:49:00.433,2025-09-20 23:19:00,31.9,642.1,2.0,3823.0,4.26,1.0,0.0,1.0,30.28898,78.0001,609.6,3.29,NEAR_DDN,173.61,1
105589,19,2025-09-20 23:19:16.134,2025-09-20,2025-09-21 04:49:16.134,2025-09-20 23:19:00,32.4,642.2,2.0,3823.0,0.0,1.0,0.0,1.0,30.289171,78.0,607.2,,NEAR_DDN,186.15,1
105606,19,2025-09-20 23:19:39.813,2025-09-20,2025-09-21 04:49:39.813,2025-09-20 23:19:00,33.4,641.7,2.0,3823.0,0.0,1.0,0.0,1.0,30.289171,78.0,607.2,,NEAR_DDN,186.15,1
105621,19,2025-09-20 23:20:02.154,2025-09-20,2025-09-21 04:50:02.154,2025-09-20 23:20:00,,,2.0,3823.0,3.65,1.0,0.0,1.0,30.289146,77.99982,609.7,0.0,NEAR_DDN,175.61,1
105626,19,2025-09-20 23:20:10.273,2025-09-20,2025-09-21 04:50:10.273,2025-09-20 23:20:00,17.4,641.7,2.0,3823.0,0.0,1.0,0.0,1.0,30.289146,77.99982,609.7,,NEAR_DDN,175.61,1
105660,19,2025-09-20 23:21:00.553,2025-09-20,2025-09-21 04:51:00.553,2025-09-20 23:21:00,33.0,641.0,2.0,3823.13,13.67,1.0,0.0,1.0,30.289106,77.998535,612.9,13.74,NEAR_DDN,161.04,1
105693,19,2025-09-20 23:21:47.353,2025-09-20,2025-09-21 04:51:47.353,2025-09-20 23:21:00,18.3,641.0,2.0,3823.25,0.0,1.0,0.0,1.0,30.288902,77.997574,607.6,,NEAR_DDN,191.66,1
105702,19,2025-09-20 23:22:01.633,2025-09-20,2025-09-21 04:52:01.633,2025-09-20 23:22:00,28.2,640.9,2.0,3823.25,2.84,1.0,0.0,1.0,30.288809,77.99739,608.8,8.08,NEAR_DDN,198.43,1
105742,19,2025-09-20 23:23:01.653,2025-09-20,2025-09-21 04:53:01.653,2025-09-20 23:23:00,24.2,640.4,2.0,3823.5,3.07,1.0,0.0,1.0,30.288853,77.99712,603.8,3.16,NEAR_DDN,222.29,1
105782,19,2025-09-20 23:24:02.873,2025-09-20,2025-09-21 04:54:02.873,2025-09-20 23:24:00,18.4,640.1,2.0,3823.51,15.86,1.0,0.0,1.0,30.289288,77.998726,605.0,2.97,NEAR_DDN,176.54,1
105820,19,2025-09-20 23:25:00.713,2025-09-20,2025-09-21 04:55:00.713,2025-09-20 23:25:00,62.4,639.7,2.0,3823.78,20.37,1.0,0.0,1.0,30.28929,78.00062,602.6,17.79,NEAR_DDN,231.81,1
111490,19,2025-09-21 01:56:02.101,2025-09-21,2025-09-21 07:26:02.101,2025-09-21 01:56:00,11.4,636.7,2.0,3948.82,75.09,1.0,0.0,1.0,29.547968,77.746635,251.3,74.37,NEAR_MZF,190.76,1
111570,19,2025-09-21 01:58:02.302,2025-09-21,2025-09-21 07:28:02.302,2025-09-21 01:58:00,-44.2,636.6,2.0,3950.43,56.28,1.0,0.0,1.0,29.549198,77.74753,252.6,74.37,NEAR_MZF,28.91,1
111617,19,2025-09-21 01:59:08.281,2025-09-21,2025-09-21 07:29:08.281,2025-09-21 01:59:00,11.4,637.2,2.0,3950.75,0.0,1.0,0.0,1.0,29.549326,77.74731,250.9,74.37,NEAR_MZF,38.76,1
111707,19,2025-09-21 02:04:05.301,2025-09-21,2025-09-21 07:34:05.301,2025-09-21 02:04:00,7.2,637.9,2.0,3950.88,0.0,1.0,0.0,1.0,29.549507,77.74747,252.8,74.37,NEAR_MZF,24.41,1
111912,19,2025-09-21 02:50:00.721,2025-09-21,2025-09-21 08:20:00.721,2025-09-21 02:50:00,38.4,635.4,2.0,3951.0,31.28,1.0,0.0,1.0,29.550205,77.7485,252.1,0.0,NEAR_MZF,117.36,1
112029,19,2025-09-21 02:53:08.002,2025-09-21,2025-09-21 08:23:08.002,2025-09-21 02:53:00,-47.6,639.2,2.0,3952.32,39.19,1.0,0.0,1.0,29.550024,77.74847,247.5,77.46,NEAR_MZF,100.96,1
112067,19,2025-09-21 02:54:00.301,2025-09-21,2025-09-21 08:24:00.301,2025-09-21 02:54:00,,,2.0,3953.41,80.65,1.0,0.0,1.0,29.549255,77.74779,247.6,77.58,NEAR_MZF,19.69,1
118415,19,2025-09-21 07:18:09.401,2025-09-21,2025-09-21 12:48:09.401,2025-09-21 07:18:00,-86.8,628.6,2.0,4152.26,25.21,1.0,0.0,1.0,28.423277,76.99212,226.4,14.85,NEAR_GGN,43.18,1
118446,19,2025-09-21 07:19:06.242,2025-09-21,2025-09-21 12:49:06.242,2025-09-21 07:19:00,24.3,626.0,2.0,4152.5,4.66,1.0,0.0,1.0,28.423069,76.991684,225.5,14.85,NEAR_GGN,5.33,1
118462,19,2025-09-21 07:19:44.879,2025-09-21,2025-09-21 12:49:44.879,2025-09-21 07:19:00,15.8,626.0,2.0,4152.5,0.0,1.0,0.0,1.0,28.422915,76.9915,226.0,,NEAR_GGN,29.96,1
118784,19,2025-09-21 07:26:57.921,2025-09-21,2025-09-21 12:56:57.921,2025-09-21 07:26:00,7.5,627.5,2.0,4152.5,0.0,1.0,0.0,1.0,28.422882,76.99147,229.4,,NEAR_GGN,34.59,1
121497,19,2025-09-21 08:45:14.721,2025-09-21,2025-09-21 14:15:14.721,2025-09-21 08:45:00,16.1,640.3,2.0,4152.62,2.79,1.0,0.0,1.0,28.422974,76.991486,227.9,0.0,NEAR_GGN,27.38,1
123195,19,2025-09-21 10:04:07.507,2025-09-21,2025-09-21 15:34:07.507,2025-09-21 10:04:00,,,2.0,4152.62,0.81,1.0,0.0,1.0,28.42309,76.99179,231.1,0.18,NEAR_GGN,5.57,1
123219,19,2025-09-21 10:05:00.307,2025-09-21,2025-09-21 15:35:00.307,2025-09-21 10:05:00,57.3,637.7,2.0,4152.65,18.36,1.0,0.0,1.0,28.423424,76.99221,228.8,17.73,NEAR_GGN,59.63,1
134365,19,2025-09-21 16:08:02.214,2025-09-21,2025-09-21 21:38:02.214,2025-09-21 16:08:00,63.1,635.8,2.0,4253.875,27.33,1.0,0.0,1.0,28.423117,76.99192,213.8,0.0,NEAR_GGN,18.53,1
134378,19,2025-09-21 16:08:30.553,2025-09-21,2025-09-21 21:38:30.553,2025-09-21 16:08:00,11.2,637.4,2.0,4253.875,0.0,1.0,0.0,1.0,28.423117,76.99192,213.8,,NEAR_GGN,18.53,1
134390,19,2025-09-21 16:09:02.273,2025-09-21,2025-09-21 21:39:02.273,2025-09-21 16:09:00,11.6,637.2,2.0,4253.875,4.09,1.0,0.0,1.0,28.423082,76.99169,216.6,5.28,NEAR_GGN,4.3,1
134405,19,2025-09-21 16:09:31.733,2025-09-21,2025-09-21 21:39:31.733,2025-09-21 16:09:00,10.4,637.5,2.0,4254.0,0.0,1.0,0.0,1.0,28.423082,76.99169,216.6,,NEAR_GGN,4.3,1
145754,19,2025-09-22 08:32:16.176,2025-09-22,2025-09-22 14:02:16.176,2025-09-22 08:32:00,15.5,644.3,2.0,4254.0,0.0,1.0,0.0,1.0,28.422892,76.99143,230.8,10.63,NEAR_GGN,36.91,1
145759,19,2025-09-22 08:32:33.776,2025-09-22,2025-09-22 14:02:33.776,2025-09-22 08:32:00,,,2.0,4254.0,0.0,1.0,0.0,1.0,28.422892,76.99143,230.8,,NEAR_GGN,36.91,1
145794,19,2025-09-22 08:34:00.116,2025-09-22,2025-09-22 14:04:00.116,2025-09-22 08:34:00,35.5,642.9,2.0,4254.0,2.57,1.0,0.0,1.0,28.42301,76.99166,233.4,0.0,NEAR_GGN,11.41,1
146378,19,2025-09-22 09:01:00.996,2025-09-22,2025-09-22 14:31:00.996,2025-09-22 09:01:00,38.6,638.8,2.0,4254.0,2.79,1.0,0.0,1.0,28.42291,76.99155,231.3,0.0,NEAR_GGN,26.85,1
146390,19,2025-09-22 09:01:29.396,2025-09-22,2025-09-22 14:31:29.396,2025-09-22 09:01:00,17.0,638.9,2.0,4254.125,0.0,1.0,0.0,1.0,28.42291,76.99155,231.3,,NEAR_GGN,26.85,1
146403,19,2025-09-22 09:02:02.776,2025-09-22,2025-09-22 14:32:02.776,2025-09-22 09:02:00,18.3,638.2,2.0,4254.125,23.64,1.0,0.0,1.0,28.423475,76.992325,229.2,31.58,NEAR_GGN,72.0,1
154143,19,2025-09-22 14:50:05.477,2025-09-22,2025-09-22 20:20:05.477,2025-09-22 14:50:00,200.8,625.3,2.0,4460.9,67.35,1.0,0.0,1.0,29.549229,77.74749,252.0,3.51,NEAR_MZF,28.7,1
154192,19,2025-09-22 14:51:01.718,2025-09-22,2025-09-22 20:21:01.718,2025-09-22 14:51:00,13.0,630.4,2.0,4461.38,5.87,1.0,0.0,1.0,29.549461,77.74741,252.3,0.0,NEAR_MZF,28.37,1
154361,19,2025-09-22 14:57:41.997,2025-09-22,2025-09-22 20:27:41.997,2025-09-22 14:57:00,9.7,631.2,2.0,4461.375,0.0,1.0,0.0,1.0,29.549486,77.747475,254.0,,NEAR_MZF,23.05,1
154391,19,2025-09-22 14:58:18.197,2025-09-22,2025-09-22 20:28:18.197,2025-09-22 14:58:00,16.4,630.8,2.0,4461.375,0.0,1.0,0.0,1.0,29.549486,77.747475,254.0,,NEAR_MZF,23.05,1
156568,19,2025-09-22 15:42:01.137,2025-09-22,2025-09-22 21:12:01.137,2025-09-22 15:42:00,21.6,637.9,2.0,4461.375,0.0,1.0,0.0,1.0,29.549343,77.74765,258.4,6.38,NEAR_MZF,9.06,1
161353,19,2025-09-22 17:53:08.726,2025-09-22,2025-09-22 23:23:08.726,2025-09-22 17:53:00,-103.0,629.9,2.0,4586.5,34.27,1.0,0.0,1.0,30.289133,78.000854,609.0,9.11,NEAR_DDN,235.21,1
161520,19,2025-09-22 17:57:04.526,2025-09-22,2025-09-22 23:27:04.526,2025-09-22 17:57:00,15.4,628.6,2.0,4586.88,0.07,1.0,0.0,1.0,30.289137,78.00081,611.5,0.0,NEAR_DDN,232.38,1
161522,19,2025-09-22 17:57:06.887,2025-09-22,2025-09-22 23:27:06.887,2025-09-22 17:57:00,15.2,628.6,2.0,4586.875,0.0,1.0,0.0,1.0,30.289137,78.00081,611.5,,NEAR_DDN,232.38,1
161551,19,2025-09-22 17:57:43.247,2025-09-22,2025-09-22 23:27:43.247,2025-09-22 17:57:00,13.8,628.6,2.0,4586.88,0.0,1.0,0.0,1.0,30.289137,78.00081,611.5,,NEAR_DDN,232.38,1
161571,19,2025-09-22 17:58:12.866,2025-09-22,2025-09-22 23:28:12.866,2025-09-22 17:58:00,8.8,628.3,2.0,4586.89,8.64,1.0,0.0,1.0,30.28897,78.000145,620.6,1.56,NEAR_DDN,175.33,1
161607,19,2025-09-22 17:59:04.146,2025-09-22,2025-09-22 23:29:04.146,2025-09-22 17:59:00,11.5,628.6,2.0,4587.0,0.0,1.0,0.0,1.0,30.289011,78.00008,620.6,0.0,NEAR_DDN,175.29,1
161648,19,2025-09-22 18:00:03.486,2025-09-22,2025-09-22 23:30:03.486,2025-09-22 18:00:00,11.4,628.8,2.0,4587.02,4.88,1.0,0.0,1.0,30.288101,77.99912,608.3,9.21,NEAR_DDN,43.04,1
161692,19,2025-09-22 18:00:54.926,2025-09-22,2025-09-22 23:30:54.926,2025-09-22 18:00:00,,,2.0,4587.12,0.0,1.0,0.0,1.0,30.288101,77.99912,608.3,,NEAR_DDN,43.04,1
