,vehicle_id,timestamp,dt,IST,ts_mins,total_battery_current,bat_voltage,gear_position,odometerreading,vehicle_speed_vcu,vehiclereadycondition,gun_connection_status,ignitionstatus,latitude,longitude,altitude,ground_speed_kmph,charger_proximity,dist_from_loc,source_row_index,nxt_state,session_number,session_rank_asc,session_rank_desc
0,18,2025-09-20 18:30:00.247,2025-09-20,2025-09-21 00:00:00.247,2025-09-20 18:30:00,1.3,639.2,0.0,2635.375,0.0,0.0,0.0,1.0,28.423038,76.99171,224.1,0.0,GGN,6.2,0,,1,1,1513
1512,18,2025-09-21 00:27:00.294,2025-09-21,2025-09-21 05:57:00.294,2025-09-21 00:27:00,167.1,636.4,2.0,2635.5299446024856,26.23,1.0,0.0,1.0,28.424402,76.993355,211.8,0.0,GGN,215.5,8946,GGN,1,1513,1
1513,18,2025-09-21 05:07:03.519,2025-09-21,2025-09-21 10:37:03.519,2025-09-21 05:07:00,311.7,623.3,2.0,2845.875,60.53,1.0,0.0,1.0,29.547909,77.74651,254.7,73.2,MZF,202.91,17186,GGN,2,1,1143
2655,18,2025-09-21 05:59:04.239,2025-09-21,2025-09-21 11:29:04.239,2025-09-21 05:59:00,,,2.0,2846.613513062349,4.95,1.0,0.0,,29.550276,77.74855,256.0,45.1,MZF,126.49,19767,MZF,2,1143,1
2656,18,2025-09-21 11:40:30.462,2025-09-21,2025-09-21 17:10:30.462,2025-09-21 11:40:00,15.1,622.3,0.0,2990.25,0.0,1.0,0.0,1.0,30.289091,78.00086,617.6,2.99,DDN,232.55,32816,MZF,3,1,575
3230,18,2025-09-21 13:29:02.981,2025-09-21,2025-09-21 18:59:02.981,2025-09-21 13:29:00,-8.5,641.9,2.0,2991.375,6.21,1.0,0.0,1.0,30.289362,77.99992,596.2,34.65,DDN,201.43,37655,DDN,3,575,1
3231,18,2025-09-21 16:24:06.335,2025-09-21,2025-09-21 21:54:06.335,2025-09-21 16:24:00,4.8,630.9,2.0,3115.9337694194605,76.16,1.0,0.0,,29.550158,77.74857,249.6,74.88,MZF,118.23,42533,DDN,4,1,518
3748,18,2025-09-21 17:20:02.369,2025-09-21,2025-09-21 22:50:02.369,2025-09-21 17:20:00,312.1,630.4,2.0,3119.0345257903496,60.04,1.0,0.0,1.0,29.547815,77.746544,254.8,58.0,MZF,209.84,45046,MZF,4,518,1
3749,18,2025-09-21 21:23:07.486,2025-09-21,2025-09-22 02:53:07.486,2025-09-21 21:23:00,208.9,624.4,2.0,3326.7256871035943,38.04,1.0,0.0,1.0,28.423805,76.992714,223.2,13.65,GGN,124.6,52224,MZF,5,1,1079
4827,18,2025-09-22 00:25:07.641,2025-09-22,2025-09-22 05:55:07.641,2025-09-22 00:25:00,16.7,640.2,2.0,3327.25,5.98,1.0,0.0,1.0,28.424206,76.99308,216.8,28.97,GGN,180.97,56707,GGN,5,1079,1
4828,18,2025-09-22 05:29:00.942,2025-09-22,2025-09-22 10:59:00.942,2025-09-22 05:29:00,,,,3536.0,,,,0.0,29.54942,77.747444,258.6,0.0,MZF,24.58,65710,GGN,6,1,355
5182,18,2025-09-22 06:05:00.023,2025-09-22,2025-09-22 11:35:00.023,2025-09-22 06:05:00,245.4,634.8,2.0,3536.125,38.37,1.0,0.0,1.0,29.550282,77.74857,257.6,0.0,MZF,128.27,67056,MZF,6,355,1
5183,18,2025-09-22 08:22:01.852,2025-09-22,2025-09-22 13:52:01.852,2025-09-22 08:22:00,74.5,625.4,2.0,3661.25,37.07,1.0,0.0,1.0,30.289215,78.00032,621.4,0.0,DDN,207.19,72558,MZF,7,1,1353
6535,18,2025-09-22 11:25:01.928,2025-09-22,2025-09-22 16:55:01.928,2025-09-22 11:25:00,18.1,639.7,2.0,3662.5,21.44,1.0,0.0,,30.28926,77.99868,607.1,12.16,DDN,174.27,80783,DDN,7,1353,1
6536,18,2025-09-22 14:17:00.922,2025-09-22,2025-09-22 19:47:00.922,2025-09-22 14:17:00,-247.4,640.7,2.0,3787.875,57.27,1.0,0.0,1.0,29.54983,77.74826,254.9,75.38,MZF,71.45,87369,DDN,8,1,1323
7858,18,2025-09-22 15:13:04.163,2025-09-22,2025-09-22 20:43:04.163,2025-09-22 15:13:00,192.3,628.8,2.0,3791.125,75.55,1.0,0.0,1.0,29.549904,77.74838,253.3,0.0,MZF,85.63,90255,MZF,8,1323,1
7859,18,2025-09-22 19:12:01.398,2025-09-22,2025-09-23 00:42:01.398,2025-09-22 19:12:00,-39.2,627.7,2.0,3993.875,18.72,1.0,0.0,1.0,28.424604,76.993576,221.6,21.72,GGN,246.62,97034,MZF,9,1,2866
10724,18,2025-09-23 00:17:05.103,2025-09-23,2025-09-23 05:47:05.103,2025-09-23 00:17:00,9.1,639.4,2.0,3994.375,14.59,1.0,0.0,1.0,28.423483,76.99235,208.8,14.66,GGN,74.5,106309,GGN,9,2866,1
10725,18,2025-09-23 05:21:06.413,2025-09-23,2025-09-23 10:51:06.413,2025-09-23 05:21:00,78.9,630.4,2.0,4197.958927822073,67.58,1.0,0.0,1.0,29.547575,77.74621,257.8,48.83,MZF,249.98,115440,GGN,10,1,1097
11821,18,2025-09-23 06:08:03.693,2025-09-23,2025-09-23 11:38:03.693,2025-09-23 06:08:00,14.7,631.6,2.0,4199.0,0.0,1.0,0.0,1.0,29.5494,77.74776,253.9,0.0,MZF,6.17,117829,MZF,10,1097,1
11822,18,2025-09-23 08:56:01.164,2025-09-23,2025-09-23 14:26:01.164,2025-09-23 08:56:00,36.6,624.4,2.0,4324.0,20.52,1.0,0.0,1.0,30.28921,78.00045,605.1,24.85,DDN,214.46,124499,MZF,11,1,1237
13058,18,2025-09-23 11:19:05.170,2025-09-23,2025-09-23 16:49:05.170,2025-09-23 11:19:00,,,2.0,4325.25,1.04,1.0,0.0,1.0,30.28925,78.000435,581.7,7.31,DDN,217.01,130020,DDN,11,1237,1
13059,18,2025-09-23 14:18:11.292,2025-09-23,2025-09-23 19:48:11.292,2025-09-23 14:18:00,63.4,635.8,2.0,4449.554882334964,76.64,1.0,0.0,,29.549448,77.7479,250.0,72.2,MZF,19.92,136411,DDN,12,1,910
13968,18,2025-09-23 15:02:00.791,2025-09-23,2025-09-23 20:32:00.791,2025-09-23 15:02:00,314.9,630.4,2.0,4452.625,40.3,1.0,0.0,1.0,29.54795,77.74665,257.0,56.75,MZF,191.68,138580,MZF,12,910,1
13969,18,2025-09-23 19:20:41.715,2025-09-23,2025-09-24 00:50:41.715,2025-09-23 19:20:00,8.5,627.8,2.0,4661.5,6.64,1.0,0.0,1.0,28.423027,76.99183,228.7,2.65,GGN,11.79,145198,MZF,13,1,3067
17035,18,2025-09-24 00:39:05.746,2025-09-24,2025-09-24 06:09:05.746,2025-09-24 00:39:00,9.3,639.4,2.0,4662.0,0.0,1.0,0.0,1.0,28.424553,76.993546,212.0,0.0,GGN,240.62,155341,GGN,13,3067,1
17036,18,2025-09-24 05:19:32.538,2025-09-24,2025-09-24 10:49:32.538,2025-09-24 05:19:00,,,,4869.125,,,,0.0,29.549477,77.74755,248.5,1.04,MZF,15.99,162983,GGN,14,1,75
17110,18,2025-09-24 05:59:01.578,2025-09-24,2025-09-24 11:29:01.578,2025-09-24 05:59:00,,,2.0,4869.25,12.83,1.0,0.0,1.0,29.550514,77.74882,251.3,52.57,MZF,163.61,163260,MZF,14,75,1
17111,18,2025-09-24 08:38:01.751,2025-09-24,2025-09-24 14:08:01.751,2025-09-24 08:38:00,30.4,621.3,2.0,4994.310559006211,23.52,1.0,0.0,1.0,30.289215,78.000656,618.7,16.98,DDN,227.96,169507,MZF,15,1,1446
18556,18,2025-09-24 11:02:02.911,2025-09-24,2025-09-24 16:32:02.911,2025-09-24 11:02:00,,,2.0,4995.5,22.01,1.0,0.0,1.0,30.28937,78.00072,602.3,22.75,DDN,244.83,176006,DDN,15,1446,1
18557,18,2025-09-24 14:21:07.920,2025-09-24,2025-09-24 19:51:07.920,2025-09-24 14:21:00,120.5,631.6,2.0,5119.903314917127,77.34,1.0,0.0,1.0,29.549374,77.74778,253.6,74.69,MZF,9.04,184543,DDN,16,1,1041
19597,18,2025-09-24 15:12:00.520,2025-09-24,2025-09-24 20:42:00.520,2025-09-24 15:12:00,89.5,633.2,2.0,5124.4430835734875,78.93,1.0,0.0,1.0,29.549381,77.74781,265.3,76.73,MZF,11.4,187058,MZF,16,1041,1
19598,18,2025-09-24 19:47:01.280,2025-09-24,2025-09-25 01:17:01.280,2025-09-24 19:47:00,-25.5,624.9,2.0,5338.5,25.49,1.0,0.0,1.0,28.424463,76.99338,226.7,24.97,GGN,221.92,194168,MZF,17,1,4042
23639,18,2025-09-25 00:02:20.220,2025-09-25,2025-09-25 05:32:20.220,2025-09-25 00:02:00,8.2,640.5,2.0,5339.0,14.8,1.0,0.0,1.0,28.424465,76.99342,216.9,14.22,GGN,224.93,204081,GGN,17,4042,1
23640,18,2025-09-25 05:00:02.659,2025-09-25,2025-09-25 10:30:02.659,2025-09-25 05:00:00,-46.8,630.7,2.0,5545.8200704225355,73.33,1.0,0.0,1.0,29.547874,77.74645,251.2,70.62,MZF,209.43,211682,GGN,18,1,102
23741,18,2025-09-25 05:38:06.486,2025-09-25,2025-09-25 11:08:06.486,2025-09-25 05:38:00,22.4,630.8,2.0,5546.375,0.0,1.0,0.0,,29.54931,77.7477,253.1,9.69,MZF,11.45,212214,MZF,18,102,1
23742,18,2025-09-25 08:15:00.810,2025-09-25,2025-09-25 13:45:00.810,2025-09-25 08:15:00,-27.8,623.2,2.0,5671.5,28.04,1.0,0.0,1.0,30.2892,77.999916,626.8,4.55,DDN,185.1,218674,MZF,19,1,2758
26499,18,2025-09-25 11:26:04.952,2025-09-25,2025-09-25 16:56:04.952,2025-09-25 11:26:00,19.9,639.9,2.0,5672.875,2.1,1.0,0.0,1.0,30.289423,78.00064,574.2,8.93,DDN,244.34,227049,DDN,19,2758,1
26500,18,2025-09-25 14:04:01.922,2025-09-25,2025-09-25 19:34:01.922,2025-09-25 14:04:00,,,2.0,5796.875,51.52,1.0,0.0,1.0,29.550592,77.74882,261.5,55.19,MZF,170.19,233389,DDN,20,1,912
27411,18,2025-09-25 14:41:04.883,2025-09-25,2025-09-25 20:11:04.883,2025-09-25 14:41:00,,,2.0,5799.5,2.72,1.0,0.0,,29.549412,77.74769,256.8,0.0,MZF,0.78,235337,MZF,20,912,1
27412,18,2025-09-25 19:27:05.950,2025-09-25,2025-09-26 00:57:05.950,2025-09-25 19:27:00,129.0,620.4,2.0,6008.698511166253,37.07,1.0,0.0,1.0,28.423851,76.99269,215.8,17.51,GGN,126.17,242442,MZF,21,1,1618
29029,18,2025-09-26 00:34:13.043,2025-09-26,2025-09-26 06:04:13.043,2025-09-26 00:34:00,8.0,640.9,1.0,6009.25,0.4,1.0,0.0,1.0,28.423048,76.99194,222.8,4.47,GGN,20.77,250582,GGN,21,1618,1
29030,18,2025-09-26 06:00:30.674,2025-09-26,2025-09-26 11:30:30.674,2025-09-26 06:00:00,,,,6217.5,,,,0.0,29.549425,77.74722,244.3,0.0,MZF,46.26,257830,GGN,22,1,90
29119,18,2025-09-26 06:10:01.374,2025-09-26,2025-09-26 11:40:01.374,2025-09-26 06:10:00,23.1,630.4,2.0,6217.5,0.0,1.0,0.0,1.0,29.54969,77.747986,248.1,35.82,MZF,41.53,258274,MZF,22,90,1
29120,18,2025-09-26 08:35:01.014,2025-09-26,2025-09-26 14:05:01.014,2025-09-26 08:35:00,-30.3,621.4,2.0,6342.75,34.09,1.0,0.0,1.0,30.289164,78.00092,600.4,37.46,DDN,242.23,264052,MZF,23,1,1891
31010,18,2025-09-26 11:49:04.431,2025-09-26,2025-09-26 17:19:04.431,2025-09-26 11:49:00,30.5,641.7,2.0,6343.875,16.85,1.0,0.0,1.0,30.2892,78.0001,583.2,21.24,DDN,193.87,272898,DDN,23,1891,1
31011,18,2025-09-26 14:45:06.211,2025-09-26,2025-09-26 20:15:06.211,2025-09-26 14:45:00,109.5,632.5,2.0,6468.46060890558,80.25,1.0,0.0,1.0,29.550673,77.74904,252.8,77.08,MZF,191.0,278140,DDN,24,1,1098
32108,18,2025-09-26 15:37:05.104,2025-09-26,2025-09-26 21:07:05.104,2025-09-26 15:37:00,78.2,637.2,2.0,6470.75,5.09,1.0,0.0,1.0,29.54932,77.74761,246.1,0.0,MZF,13.39,280711,MZF,24,1098,1
32109,18,2025-09-26 19:55:04.444,2025-09-26,2025-09-27 01:25:04.444,2025-09-26 19:55:00,57.1,625.0,2.0,6682.125,38.09,1.0,0.0,,28.424406,76.993355,219.8,25.41,GGN,215.81,285123,MZF,25,1,1915
34023,18,2025-09-27 00:14:12.584,2025-09-27,2025-09-27 05:44:12.584,2025-09-27 00:14:00,,,2.0,6682.875,16.48,1.0,0.0,,28.424135,76.99304,210.4,18.6,GGN,172.74,291213,GGN,25,1915,1
34024,18,2025-09-27 05:01:07.459,2025-09-27,2025-09-27 10:31:07.459,2025-09-27 05:01:00,18.0,630.5,0.0,6890.039628995565,0.0,1.0,0.0,1.0,29.549397,77.74726,247.5,0.25,MZF,42.41,297904,GGN,26,1,130
34153,18,2025-09-27 05:44:02.919,2025-09-27,2025-09-27 11:14:02.919,2025-09-27 05:44:00,19.4,630.8,0.0,6890.25,0.0,1.0,0.0,1.0,29.54929,77.747696,253.9,0.62,MZF,13.68,298592,MZF,26,130,1
34154,18,2025-09-27 08:35:33.441,2025-09-27,2025-09-27 14:05:33.441,2025-09-27 08:35:00,82.7,622.6,2.0,7015.375,5.21,1.0,0.0,1.0,30.289164,78.00023,613.6,4.24,DDN,197.5,305091,MZF,27,1,2287
36440,18,2025-09-27 11:16:00.788,2025-09-27,2025-09-27 16:46:00.788,2025-09-27 11:16:00,21.5,637.7,2.0,7016.5,29.22,1.0,0.0,,30.289265,78.0002,614.0,0.0,DDN,205.13,312410,DDN,27,2287,1
36441,18,2025-09-27 14:18:01.908,2025-09-27,2025-09-27 19:48:01.908,2025-09-27 14:18:00,,,2.0,7141.5,70.99,1.0,0.0,1.0,29.548437,77.74705,248.5,60.93,MZF,125.33,319537,DDN,28,1,1031
37471,18,2025-09-27 15:10:00.168,2025-09-27,2025-09-27 20:40:00.168,2025-09-27 15:10:00,243.7,632.9,2.0,7143.875,46.56,1.0,0.0,1.0,29.548424,77.747116,249.3,38.08,MZF,123.54,322137,MZF,28,1031,1
37472,18,2025-09-27 19:43:02.849,2025-09-27,2025-09-28 01:13:02.849,2025-09-27 19:43:00,-40.4,627.2,2.0,7344.39236489555,31.95,1.0,0.0,1.0,28.423306,76.992165,221.0,29.69,GGN,48.6,328684,MZF,29,1,1414
38885,18,2025-09-28 00:15:00.109,2025-09-28,2025-09-28 05:45:00.109,2025-09-28 00:15:00,9.5,641.0,2.0,7345.0,23.43,1.0,0.0,1.0,28.424522,76.993484,217.8,0.0,GGN,233.83,335208,GGN,29,1414,1
38886,18,2025-09-28 05:29:56.980,2025-09-28,2025-09-28 10:59:56.980,2025-09-28 05:29:00,0.0,0.0,0.0,7552.5,0.0,0.0,0.0,1.0,29.549389,77.747246,249.7,0.0,MZF,43.8,342653,GGN,30,1,13
38898,18,2025-09-28 05:32:04.781,2025-09-28,2025-09-28 11:02:04.781,2025-09-28 05:32:00,46.2,630.8,2.0,7552.5,6.45,1.0,0.0,1.0,29.550982,77.74916,250.9,0.0,MZF,224.58,342719,MZF,30,13,1
38899,18,2025-09-28 08:04:01.000,2025-09-28,2025-09-28 13:34:01.000,2025-09-28 08:04:00,12.6,621.7,0.0,7677.75,0.0,1.0,0.0,1.0,30.289118,78.00096,606.8,0.0,DDN,241.81,348785,MZF,31,1,2319
41217,18,2025-09-28 11:09:03.946,2025-09-28,2025-09-28 16:39:03.946,2025-09-28 11:09:00,16.2,638.4,2.0,7678.795405209841,17.23,1.0,0.0,1.0,30.289364,77.99956,614.6,0.0,DDN,189.57,357600,DDN,31,2319,1
41218,18,2025-09-28 14:19:00.427,2025-09-28,2025-09-28 19:49:00.427,2025-09-28 14:19:00,163.3,637.9,2.0,7803.75,35.44,1.0,0.0,1.0,29.550701,77.74899,252.7,30.98,MZF,190.08,364905,DDN,32,1,956
42173,18,2025-09-28 15:03:07.234,2025-09-28,2025-09-28 20:33:07.234,2025-09-28 15:03:00,24.3,637.4,0.0,7805.5,0.0,1.0,0.0,1.0,29.551052,77.74919,247.0,49.23,MZF,232.47,367106,MZF,32,956,1
42174,18,2025-09-28 19:19:04.141,2025-09-28,2025-09-29 00:49:04.141,2025-09-28 19:19:00,89.2,620.5,2.0,8016.5,40.03,1.0,0.0,1.0,28.424202,76.993065,229.2,27.85,GGN,179.6,372833,MZF,33,1,4217
46390,18,2025-09-29 00:10:01.250,2025-09-29,2025-09-29 05:40:01.250,2025-09-29 00:10:00,9.4,639.0,2.0,8017.25,15.7,1.0,0.0,1.0,28.424139,76.99305,221.9,0.0,GGN,173.76,382572,GGN,33,4217,1
46391,18,2025-09-29 05:03:00.834,2025-09-29,2025-09-29 10:33:00.834,2025-09-29 05:03:00,,,2.0,8224.194895509743,80.68,1.0,0.0,,29.54869,77.74721,256.5,64.94,MZF,93.23,390143,GGN,34,1,97
46487,18,2025-09-29 05:43:00.096,2025-09-29,2025-09-29 11:13:00.096,2025-09-29 05:43:00,,,2.0,8224.75,20.83,1.0,0.0,1.0,29.550516,77.748795,251.3,23.48,MZF,162.18,390752,MZF,34,97,1
46488,18,2025-09-29 08:22:00.706,2025-09-29,2025-09-29 13:52:00.706,2025-09-29 08:22:00,-33.9,621.8,2.0,8350.0,27.29,1.0,0.0,1.0,30.28921,78.00049,602.8,26.39,DDN,216.92,396937,MZF,35,1,992
47479,18,2025-09-29 11:18:10.113,2025-09-29,2025-09-29 16:48:10.113,2025-09-29 11:18:00,13.2,640.0,2.0,8351.125,1.11,1.0,0.0,1.0,30.289307,78.000496,599.7,9.99,DDN,225.62,404565,DDN,35,992,1
47480,18,2025-09-29 14:19:00.145,2025-09-29,2025-09-29 19:49:00.145,2025-09-29 14:19:00,80.5,633.1,2.0,8475.875,81.09,1.0,0.0,,29.551094,77.749374,251.9,76.38,MZF,247.43,409644,DDN,36,1,815
48294,18,2025-09-29 15:01:01.865,2025-09-29,2025-09-29 20:31:01.865,2025-09-29 15:01:00,-131.5,638.4,2.0,8478.0,29.19,1.0,0.0,1.0,29.549755,77.74822,254.2,4.1,MZF,63.21,411746,MZF,36,815,1
48295,18,2025-09-29 19:00:04.377,2025-09-29,2025-09-30 00:30:04.377,2025-09-29 19:00:00,92.1,624.6,2.0,8679.5,19.38,1.0,0.0,1.0,28.424534,76.99339,217.8,32.63,GGN,228.12,417859,MZF,37,1,1897
50191,18,2025-09-30 00:20:05.583,2025-09-30,2025-09-30 05:50:05.583,2025-09-30 00:20:00,,,2.0,8679.875,6.64,1.0,0.0,1.0,28.42374,76.99264,226.3,21.44,GGN,114.42,426167,GGN,37,1897,1
50192,18,2025-09-30 05:21:00.244,2025-09-30,2025-09-30 10:51:00.244,2025-09-30 05:21:00,18.8,629.9,2.0,8887.625,0.5,1.0,0.0,1.0,29.549341,77.747345,262.2,0.0,MZF,35.07,434282,GGN,38,1,71
50262,18,2025-09-30 05:59:10.004,2025-09-30,2025-09-30 11:29:10.004,2025-09-30 05:59:00,19.4,630.8,0.0,8887.75,0.0,1.0,0.0,1.0,29.549326,77.74754,260.4,0.0,MZF,18.09,434513,MZF,38,71,1
50263,18,2025-09-30 08:31:03.523,2025-09-30,2025-09-30 14:01:03.523,2025-09-30 08:31:00,-120.3,626.1,2.0,9012.914201183432,28.8,1.0,0.0,1.0,30.289143,78.00097,611.2,2.3899999,DDN,244.33,440390,MZF,39,1,2147
52409,18,2025-09-30 12:14:05.515,2025-09-30,2025-09-30 17:44:05.515,2025-09-30 12:14:00,123.3,634.5,2.0,9027.902659574467,80.07,1.0,0.0,1.0,30.287678,77.999,599.9,0.3,DDN,5.63,449854,DDN,39,2147,1
52410,18,2025-09-30 14:15:04.880,2025-09-30,2025-09-30 19:45:04.880,2025-09-30 14:15:00,-49.3,636.4,2.0,9138.36962430056,64.8,1.0,0.0,,29.550165,77.74856,258.9,58.99,MZF,118.09,454819,DDN,40,1,1198
53607,18,2025-09-30 15:07:01.330,2025-09-30,2025-09-30 20:37:01.330,2025-09-30 15:07:00,79.1,633.1,2.0,9143.419670846395,81.0,1.0,0.0,1.0,29.547737,77.746414,244.2,77.41,MZF,223.96,457435,MZF,40,1198,1
53608,18,2025-09-30 19:42:08.582,2025-09-30,2025-10-01 01:12:08.582,2025-09-30 19:42:00,58.8,626.8,2.0,9344.25,30.91,1.0,0.0,1.0,28.424553,76.99347,226.6,22.88,GGN,235.2,465512,MZF,41,1,4896
58503,18,2025-10-01 00:34:16.888,2025-10-01,2025-10-01 06:04:16.888,2025-10-01 00:34:00,35.1,641.9,2.0,9344.75,8.82,1.0,0.0,1.0,28.423977,76.9929,219.6,24.69,GGN,150.84,480571,GGN,41,4896,1
58504,18,2025-10-01 05:19:08.743,2025-10-01,2025-10-01 10:49:08.743,2025-10-01 05:19:00,301.6,625.1,2.0,9551.5625,72.95,1.0,0.0,1.0,29.547632,77.7462,260.6,61.48,MZF,245.39,493027,GGN,42,1,265
58768,18,2025-10-01 06:02:03.504,2025-10-01,2025-10-01 11:32:03.504,2025-10-01 06:02:00,279.2,623.0,2.0,9552.5,56.47,1.0,0.0,1.0,29.550972,77.74912,253.4,55.83,MZF,221.3,493814,MZF,42,265,1
58769,18,2025-10-01 08:29:10.795,2025-10-01,2025-10-01 13:59:10.795,2025-10-01 08:29:00,-127.4,626.0,2.0,9677.5,25.32,1.0,0.0,1.0,30.28912,78.00102,620.4,6.83,DDN,246.39,500833,MZF,43,1,3271
62039,18,2025-10-01 11:18:05.156,2025-10-01,2025-10-01 16:48:05.156,2025-10-01 11:18:00,78.4,639.5,2.0,9678.75,21.44,1.0,0.0,1.0,30.289194,78.000755,585.4,24.31,DDN,232.93,509264,DDN,43,3271,1
62040,18,2025-10-01 14:38:13.199,2025-10-01,2025-10-01 20:08:13.199,2025-10-01 14:38:00,100.3,632.4,2.0,9802.53737447913,80.83,1.0,0.0,1.0,29.550875,77.749176,262.4,73.27,MZF,216.49,519037,DDN,44,1,388
62427,18,2025-10-01 15:10:07.087,2025-10-01,2025-10-01 20:40:07.087,2025-10-01 15:10:00,292.6,628.0,2.0,9805.875,69.46,1.0,0.0,1.0,29.547604,77.74628,250.9,71.68,MZF,243.47,520330,MZF,44,388,1
62428,18,2025-10-01 19:25:19.327,2025-10-01,2025-10-02 00:55:19.327,2025-10-01 19:25:00,8.6,628.6,2.0,10006.375,10.0,1.0,0.0,1.0,28.424515,76.99343,215.3,26.49,GGN,229.45,531121,MZF,45,1,6593
69020,18,2025-10-02 00:28:00.452,2025-10-02,2025-10-02 05:58:00.452,2025-10-02 00:28:00,107.7,632.3,2.0,10007.125,32.57,1.0,0.0,1.0,28.424522,76.993515,224.4,19.0,GGN,236.06,547108,GGN,45,6593,1
69021,18,2025-10-02 05:17:00.725,2025-10-02,2025-10-02 10:47:00.725,2025-10-02 05:17:00,-46.1,626.1,2.0,10214.5,78.15,1.0,0.0,1.0,29.547632,77.746216,261.6,78.25,MZF,244.48,559645,GGN,46,1,1396
70416,18,2025-10-02 06:10:08.945,2025-10-02,2025-10-02 11:40:08.945,2025-10-02 06:10:00,23.8,630.3,2.0,10214.625,0.0,1.0,0.0,1.0,29.549711,77.74803,257.7,36.38,MZF,46.15,562497,MZF,46,1396,1
70417,18,2025-10-02 08:42:12.197,2025-10-02,2025-10-02 14:12:12.197,2025-10-02 08:42:00,100.1,620.6,2.0,10339.75,10.15,1.0,0.0,1.0,30.28913,78.00102,610.1,12.14,DDN,247.1,569220,MZF,47,1,2874
73290,18,2025-10-02 11:13:17.047,2025-10-02,2025-10-02 16:43:17.047,2025-10-02 11:13:00,22.3,638.8,2.0,10340.625,13.95,1.0,0.0,1.0,30.288847,77.99706,590.7,1.56,DDN,226.7,576994,DDN,47,2874,1
73291,18,2025-10-02 14:22:07.582,2025-10-02,2025-10-02 19:52:07.582,2025-10-02 14:22:00,76.7,633.3,2.0,10466.0,81.19,1.0,0.0,1.0,29.550962,77.749275,245.9,76.85,MZF,230.08,584562,DDN,48,1,1058
74348,18,2025-10-02 15:14:07.350,2025-10-02,2025-10-02 20:44:07.350,2025-10-02 15:14:00,182.5,629.6,2.0,10469.5,77.3,1.0,0.0,1.0,29.551073,77.74939,250.0,76.46,MZF,246.7,587002,MZF,48,1058,1
74349,18,2025-10-02 19:07:03.742,2025-10-02,2025-10-03 00:37:03.742,2025-10-02 19:07:00,9.9,629.2,2.0,10672.5,4.55,1.0,0.0,1.0,28.424364,76.993286,219.7,29.84,GGN,207.68,592693,MZF,49,1,3080
77428,18,2025-10-03 00:16:02.036,2025-10-03,2025-10-03 05:46:02.036,2025-10-03 00:16:00,54.4,638.8,2.0,10673.375,16.07,1.0,0.0,1.0,28.424026,76.99296,218.1,10.37,GGN,158.84,602321,GGN,49,3080,1
77429,18,2025-10-03 05:08:03.002,2025-10-03,2025-10-03 10:38:03.002,2025-10-03 05:08:00,,,2.0,10880.40006270903,79.04,1.0,0.0,,29.548008,77.746574,257.2,74.43,MZF,190.34,609411,GGN,50,1,143
77571,18,2025-10-03 05:47:07.482,2025-10-03,2025-10-03 11:17:07.482,2025-10-03 05:47:00,16.6,630.7,2.0,10880.875,2.41,1.0,0.0,1.0,29.550344,77.74859,252.9,34.84,MZF,134.77,610173,MZF,50,143,1
77572,18,2025-10-03 08:58:33.011,2025-10-03,2025-10-03 14:28:33.011,2025-10-03 08:58:00,9.5,622.6,0.0,11005.875,0.0,1.0,0.0,1.0,30.28906,78.00109,608.7,0.25,DDN,247.58,617843,MZF,51,1,1216
78787,18,2025-10-03 11:26:02.520,2025-10-03,2025-10-03 16:56:02.520,2025-10-03 11:26:00,246.0,637.8,2.0,11007.0,29.34,1.0,0.0,,30.289148,78.00006,576.4,6.8,DDN,186.93,624111,DDN,51,1216,1
78788,18,2025-10-03 14:38:13.572,2025-10-03,2025-10-03 20:08:13.572,2025-10-03 14:38:00,,,2.0,11133.281538461539,73.48,1.0,0.0,1.0,29.547684,77.746254,245.9,72.3,MZF,237.64,631233,DDN,52,1,1015
79802,18,2025-10-03 15:24:15.413,2025-10-03,2025-10-03 20:54:15.413,2025-10-03 15:24:00,303.0,627.7,2.0,11134.405952970297,71.85,1.0,0.0,1.0,29.54893,77.74752,251.6,63.86,MZF,56.4,633538,MZF,52,1015,1
79803,18,2025-10-03 19:16:01.488,2025-10-03,2025-10-04 00:46:01.488,2025-10-03 19:16:00,65.9,624.5,2.0,11335.29828187251,26.57,1.0,0.0,1.0,28.4245,76.99343,212.3,21.19,GGN,228.3,640451,MZF,53,1,5432
85234,18,2025-10-04 00:24:13.559,2025-10-04,2025-10-04 05:54:13.559,2025-10-04 00:24:00,71.8,638.4,2.0,11335.625,12.41,1.0,0.0,1.0,28.4243,76.99318,216.9,11.0,GGN,195.26,654116,GGN,53,5432,1
85235,18,2025-10-04 05:23:00.541,2025-10-04,2025-10-04 10:53:00.541,2025-10-04 05:23:00,,,2.0,11542.771224056014,67.99,1.0,0.0,1.0,29.549492,77.74738,248.5,75.63,MZF,31.99,663072,GGN,54,1,1035
86269,18,2025-10-04 06:15:04.561,2025-10-04,2025-10-04 11:45:04.561,2025-10-04 06:15:00,23.6,630.7,0.0,11543.25,0.0,1.0,0.0,1.0,29.550232,77.74853,250.4,46.99,MZF,121.53,665764,MZF,54,1035,1
86270,18,2025-10-04 09:16:05.994,2025-10-04,2025-10-04 14:46:05.994,2025-10-04 09:16:00,-107.1,619.7,2.0,11668.5,37.94,1.0,0.0,1.0,30.289148,78.0009,604.3,4.5299997,DDN,239.62,672944,MZF,55,1,2154
88423,18,2025-10-04 13:37:04.347,2025-10-04,2025-10-04 19:07:04.347,2025-10-04 13:37:00,45.2,639.9,2.0,11669.75,4.55,1.0,0.0,1.0,30.2894,77.99931,610.1,20.72,DDN,188.53,684223,DDN,55,2154,1
88424,18,2025-10-04 17:00:01.121,2025-10-04,2025-10-04 22:30:01.121,2025-10-04 17:00:00,-241.6,641.5,2.0,11794.625,47.69,1.0,0.0,1.0,29.550884,77.74925,256.7,43.79,MZF,222.02,691734,DDN,56,1,1263
89686,18,2025-10-04 17:55:01.862,2025-10-04,2025-10-04 23:25:01.862,2025-10-04 17:55:00,-55.3,635.5,2.0,11799.0,63.28,1.0,0.0,1.0,29.549932,77.748375,251.9,64.86,MZF,87.29,694493,MZF,56,1263,1
89687,18,2025-10-04 21:19:00.819,2025-10-04,2025-10-05 02:49:00.819,2025-10-04 21:19:00,150.0,628.4,2.0,12000.5,32.46,1.0,0.0,1.0,28.42343,76.99226,227.4,38.38,GGN,63.92,700864,MZF,57,1,7063
96749,18,2025-10-07 00:25:03.259,2025-10-07,2025-10-07 05:55:03.259,2025-10-07 00:25:00,,,2.0,12129.5,12.24,1.0,0.0,1.0,28.424383,76.99331,213.9,13.11,GGN,210.84,751086,GGN,57,7063,1
96750,18,2025-10-07 05:10:00.700,2025-10-07,2025-10-07 10:40:00.700,2025-10-07 05:10:00,-75.3,632.8,2.0,12337.04209741021,57.98,1.0,0.0,1.0,29.548695,77.74716,253.3,49.98,MZF,95.3,758703,GGN,58,1,46
96795,18,2025-10-07 05:56:04.300,2025-10-07,2025-10-07 11:26:04.300,2025-10-07 05:56:00,305.4,625.2,2.0,12337.480182926829,49.84,1.0,0.0,,29.550432,77.74864,252.2,51.49,MZF,145.4,758973,MZF,58,46,1
96796,18,2025-10-07 08:22:01.560,2025-10-07,2025-10-07 13:52:01.560,2025-10-07 08:22:00,,,2.0,12462.570812807882,50.99,1.0,0.0,1.0,30.289225,78.00055,587.5,46.01,DDN,221.94,764134,MZF,59,1,2041
98836,18,2025-10-07 11:08:03.040,2025-10-07,2025-10-07 16:38:03.040,2025-10-07 11:08:00,,,2.0,12463.875,33.39,1.0,0.0,1.0,30.289272,78.000435,602.8,0.0,DDN,218.93,770403,DDN,59,2041,1
98837,18,2025-10-07 14:11:01.263,2025-10-07,2025-10-07 19:41:01.263,2025-10-07 14:11:00,,,2.0,12590.125,54.42,1.0,0.0,,29.549358,77.74762,254.5,14.5,MZF,9.71,777426,DDN,60,1,1012
99848,18,2025-10-07 15:00:00.157,2025-10-07,2025-10-07 20:30:00.157,2025-10-07 15:00:00,84.1,633.5,2.0,12593.215795468928,74.34,1.0,0.0,1.0,29.549128,77.74765,247.5,0.0,MZF,32.03,780781,MZF,60,1012,1
99849,18,2025-10-07 19:02:05.701,2025-10-07,2025-10-08 00:32:05.701,2025-10-07 19:02:00,3.9,629.7,2.0,12794.375,27.64,1.0,0.0,1.0,28.423994,76.992874,219.8,31.06,GGN,150.18,788728,MZF,61,1,5622
105470,18,2025-10-08 00:26:04.665,2025-10-08,2025-10-08 05:56:04.665,2025-10-08 00:26:00,,,2.0,12794.875,23.81,1.0,0.0,1.0,28.423908,76.992836,223.7,25.48,GGN,141.09,802209,GGN,61,5622,1
105471,18,2025-10-08 05:08:03.024,2025-10-08,2025-10-08 10:38:03.024,2025-10-08 05:08:00,-23.3,631.8,2.0,13006.55235042735,68.28,1.0,0.0,,29.548117,77.7467,254.3,69.46,MZF,173.46,810109,GGN,62,1,66
105536,18,2025-10-08 05:50:03.564,2025-10-08,2025-10-08 11:20:03.564,2025-10-08 05:50:00,21.7,632.8,0.0,13007.0,0.0,1.0,0.0,1.0,29.550121,77.748405,253.3,44.42,MZF,104.28,810437,MZF,62,66,1
105537,18,2025-10-08 08:16:03.734,2025-10-08,2025-10-08 13:46:03.734,2025-10-08 08:16:00,-87.2,628.8,2.0,13132.375,28.89,1.0,0.0,1.0,30.289133,78.00098,605.5,6.22,DDN,244.35,816183,MZF,63,1,2540
108076,18,2025-10-08 11:09:00.860,2025-10-08,2025-10-08 16:39:00.860,2025-10-08 11:09:00,8.3,639.6,2.0,13133.5,17.64,1.0,0.0,1.0,30.289223,77.99883,587.8,14.04,DDN,167.99,823619,DDN,63,2540,1
108077,18,2025-10-08 14:17:00.311,2025-10-08,2025-10-08 19:47:00.311,2025-10-08 14:17:00,,,2.0,13260.30412371134,46.12,1.0,0.0,1.0,29.548775,77.74721,253.5,42.88,MZF,85.21,831020,DDN,64,1,934
109010,18,2025-10-08 14:59:00.297,2025-10-08,2025-10-08 20:29:00.297,2025-10-08 14:59:00,-47.8,630.8,2.0,13260.976954277286,66.65,1.0,0.0,1.0,29.54865,77.747246,244.5,64.18,MZF,95.45,832901,MZF,64,934,1
109011,18,2025-10-08 19:23:01.185,2025-10-08,2025-10-09 00:53:01.185,2025-10-08 19:23:00,108.7,627.1,2.0,13462.125,25.34,1.0,0.0,,28.423122,76.99181,217.3,0.0,GGN,8.33,839079,MZF,65,1,5935
114945,18,2025-10-14 18:45:11.154,2025-10-14,2025-10-15 00:15:11.154,2025-10-14 18:45:00,0.0,638.4,0.0,13563.625,0.0,0.0,0.0,0.0,28.42276,76.991356,230.9,0.0,GGN,52.02,883739,GGN,65,5935,1
114946,19,2025-09-20 19:35:07.913,2025-09-20,2025-09-21 01:05:07.913,2025-09-20 19:35:00,130.4,618.0,2.0,3822.5,34.86,1.0,0.0,1.0,30.289158,78.000275,610.3,56.47,DDN,199.52,885792,GGN,66,1,1583
116528,19,2025-09-20 23:25:00.713,2025-09-20,2025-09-21 04:55:00.713,2025-09-20 23:25:00,62.4,639.7,2.0,3823.8510028653295,20.37,1.0,0.0,1.0,30.28929,78.00062,602.6,17.79,DDN,231.81,893646,DDN,66,1583,1
116529,19,2025-09-21 01:56:02.101,2025-09-21,2025-09-21 07:26:02.101,2025-09-21 01:56:00,11.4,636.7,2.0,3948.8394958409413,75.09,1.0,0.0,1.0,29.547968,77.746635,251.3,74.37,MZF,190.76,899316,DDN,67,1,92
116620,19,2025-09-21 02:54:02.262,2025-09-21,2025-09-21 08:24:02.262,2025-09-21 02:54:00,98.4,632.6,2.0,3953.375,80.86,1.0,0.0,,29.549103,77.74765,247.5,77.71,MZF,34.78,899894,MZF,67,92,1
116621,19,2025-09-21 07:18:04.501,2025-09-21,2025-09-21 12:48:04.501,2025-09-21 07:18:00,,,2.0,4152.25,37.7,1.0,0.0,1.0,28.424477,76.99338,225.5,14.85,GGN,222.99,906239,MZF,68,1,4904
121524,19,2025-09-22 09:02:05.736,2025-09-22,2025-09-22 14:32:05.736,2025-09-22 09:02:00,18.2,638.3,2.0,4254.25,20.4,1.0,0.0,1.0,28.423738,76.992615,229.9,20.2,GGN,112.39,934230,GGN,68,4904,1
121525,19,2025-09-22 14:50:05.477,2025-09-22,2025-09-22 20:20:05.477,2025-09-22 14:50:00,200.8,625.3,2.0,4460.9106839060905,67.35,1.0,0.0,,29.549229,77.74749,252.0,3.51,MZF,28.7,941969,GGN,69,1,738
122262,19,2025-09-22 15:42:03.157,2025-09-22,2025-09-22 21:12:03.157,2025-09-22 15:42:00,21.5,637.9,2.0,4461.375,0.0,1.0,0.0,1.0,29.549671,77.74805,257.9,32.68,MZF,44.52,944396,MZF,69,738,1
122263,19,2025-09-22 17:53:08.726,2025-09-22,2025-09-22 23:23:08.726,2025-09-22 17:53:00,-103.0,629.9,2.0,4586.5,34.27,1.0,0.0,1.0,30.289133,78.000854,609.0,9.11,DDN,235.21,949179,MZF,70,1,7151
129413,19,2025-09-22 23:28:01.183,2025-09-22,2025-09-23 04:58:01.183,2025-09-22 23:28:00,,,1.0,4587.5,1.08,1.0,0.0,1.0,30.289276,78.000206,608.6,20.86,DDN,206.47,966110,DDN,70,7151,1
129414,19,2025-09-23 02:00:29.945,2025-09-23,2025-09-23 07:30:29.945,2025-09-23 02:00:00,0.0,0.0,,4714.5797565190405,,,1.0,,29.549425,77.74755,263.9,0.06,MZF,14.38,971597,DDN,71,1,611
130024,19,2025-09-23 02:55:04.355,2025-09-23,2025-09-23 08:25:04.355,2025-09-23 02:55:00,,,2.0,4715.0,22.59,1.0,0.0,,29.549322,77.74788,247.4,60.25,MZF,20.31,974062,MZF,71,611,1
130025,19,2025-09-23 08:30:01.444,2025-09-23,2025-09-23 14:00:01.444,2025-09-23 08:30:00,121.7,627.5,2.0,4913.625,35.71,1.0,0.0,1.0,28.424156,76.99302,224.9,8.66,GGN,172.89,981959,MZF,72,1,516
130540,19,2025-09-23 09:59:05.997,2025-09-23,2025-09-23 15:29:05.997,2025-09-23 09:59:00,70.1,639.5,2.0,4914.052948504984,20.83,1.0,0.0,1.0,28.424212,76.99299,219.3,5.61,GGN,175.14,983597,GGN,72,516,1
130541,19,2025-09-23 16:36:03.502,2025-09-23,2025-09-23 22:06:03.502,2025-09-23 16:36:00,-40.5,630.4,2.0,5120.9424909255895,49.4,1.0,0.0,1.0,29.547731,77.74632,261.8,59.77,MZF,229.67,992792,GGN,73,1,1200
131740,19,2025-09-23 17:31:07.433,2025-09-23,2025-09-23 23:01:07.433,2025-09-23 17:31:00,17.2,630.3,0.0,5121.875,0.0,1.0,0.0,1.0,29.549282,77.74755,253.7,0.0,MZF,20.42,995311,MZF,73,1200,1
131741,19,2025-09-23 20:04:00.067,2025-09-23,2025-09-24 01:34:00.067,2025-09-23 20:04:00,-203.7,616.2,2.0,5256.5,44.93,1.0,0.0,,30.289165,78.00028,608.6,17.92,DDN,200.43,1000592,MZF,74,1,2363
134103,19,2025-09-23 23:39:03.327,2025-09-23,2025-09-24 05:09:03.327,2025-09-23 23:39:00,49.9,639.1,2.0,5257.5,18.19,1.0,0.0,1.0,30.289307,78.00035,598.2,0.0,DDN,217.14,1010782,DDN,74,2363,1
134104,19,2025-09-24 02:06:00.032,2025-09-24,2025-09-24 07:36:00.032,2025-09-24 02:06:00,238.2,627.1,2.0,5384.125,75.09,1.0,0.0,1.0,29.548748,77.747215,254.9,54.95,MZF,87.47,1016453,DDN,75,1,38
134141,19,2025-09-24 02:51:05.392,2025-09-24,2025-09-24 08:21:05.392,2025-09-24 02:51:00,118.5,630.5,2.0,5386.625,80.17,1.0,0.0,1.0,29.549295,77.74782,250.9,0.0,MZF,17.65,1016797,MZF,75,38,1
134142,19,2025-09-24 08:09:01.055,2025-09-24,2025-09-24 13:39:01.055,2025-09-24 08:09:00,25.6,622.9,2.0,5595.0,7.57,1.0,0.0,1.0,28.423119,76.99144,221.4,9.18,GGN,28.83,1024744,MZF,76,1,744
134885,19,2025-09-24 10:11:10.698,2025-09-24,2025-09-24 15:41:10.698,2025-09-24 10:11:00,303.8,638.4,2.0,5595.125,30.98,1.0,0.0,1.0,28.424374,76.99321,215.7,24.34,GGN,203.09,1027458,GGN,76,744,1
134886,19,2025-09-24 15:44:03.709,2025-09-24,2025-09-24 21:14:03.709,2025-09-24 15:44:00,-37.0,633.1,2.0,5802.393115942029,54.96,1.0,0.0,1.0,29.547884,77.746376,258.3,74.7,MZF,212.74,1034912,GGN,77,1,115
135000,19,2025-09-24 16:22:03.549,2025-09-24,2025-09-24 21:52:03.549,2025-09-24 16:22:00,241.6,623.5,2.0,5803.220450281426,54.6,1.0,0.0,1.0,29.550184,77.748405,262.6,43.26,MZF,109.67,1035512,MZF,77,115,1
135001,19,2025-09-24 18:43:00.857,2025-09-24,2025-09-25 00:13:00.857,2025-09-24 18:43:00,,,,5928.51275862069,,,0.0,,30.28912,78.00042,617.6,0.0,DDN,204.95,1040929,MZF,78,1,2268
137268,19,2025-09-24 23:29:03.598,2025-09-24,2025-09-25 04:59:03.598,2025-09-24 23:29:00,225.7,636.8,2.0,5929.4047179314975,27.71,1.0,0.0,,30.289297,78.00083,607.8,29.6,DDN,246.12,1050093,DDN,78,2268,1
137269,19,2025-09-25 01:53:02.485,2025-09-25,2025-09-25 07:23:02.485,2025-09-25 01:53:00,-219.8,639.7,2.0,6054.439874520739,62.37,1.0,0.0,1.0,29.549908,77.74839,252.4,69.21,MZF,86.66,1055029,DDN,79,1,45
137313,19,2025-09-25 02:36:03.145,2025-09-25,2025-09-25 08:06:03.145,2025-09-25 02:36:00,29.9,637.1,2.0,6056.875,6.52,1.0,0.0,1.0,29.548033,77.74672,247.0,65.94,MZF,180.27,1055379,MZF,79,45,1
137314,19,2025-09-25 07:47:15.897,2025-09-25,2025-09-25 13:17:15.897,2025-09-25 07:47:00,36.2,627.1,2.0,6256.875,6.21,1.0,0.0,1.0,28.424639,76.99345,231.0,31.7,GGN,240.54,1061679,MZF,80,1,1066
138379,19,2025-09-25 09:37:07.820,2025-09-25,2025-09-25 15:07:07.820,2025-09-25 09:37:00,24.7,639.2,2.0,6257.375,1.32,1.0,0.0,1.0,28.423407,76.99214,218.3,21.44,GGN,53.17,1064881,GGN,80,1066,1
138380,19,2025-09-25 15:28:43.510,2025-09-25,2025-09-25 20:58:43.510,2025-09-25 15:28:00,13.2,622.1,2.0,6461.625,0.0,1.0,0.0,1.0,29.549366,77.74738,249.4,0.5,MZF,31.2,1071722,GGN,81,1,3219
141598,19,2025-09-25 20:48:11.131,2025-09-25,2025-09-26 02:18:11.131,2025-09-25 20:48:00,282.3,630.1,2.0,6533.125,20.13,1.0,0.0,1.0,29.550646,77.748886,255.1,0.0,MZF,178.89,1083544,MZF,81,3219,1
141599,19,2025-09-25 23:03:03.274,2025-09-25,2025-09-26 04:33:03.274,2025-09-25 23:03:00,200.5,619.2,2.0,6658.5,47.26,1.0,0.0,1.0,30.289164,78.000374,609.8,28.01,DDN,205.88,1088037,MZF,82,1,1231
142829,19,2025-09-26 01:18:00.372,2025-09-26,2025-09-26 06:48:00.372,2025-09-26 01:18:00,53.4,638.9,2.0,6659.821275369004,25.68,1.0,0.0,1.0,30.289316,78.000206,605.1,17.54,DDN,210.21,1093025,DDN,82,1231,1
142830,19,2025-09-26 03:59:09.522,2025-09-26,2025-09-26 09:29:09.522,2025-09-26 03:59:00,-48.2,636.8,2.0,6784.625,72.29,1.0,0.0,1.0,29.549982,77.74842,250.5,61.11,MZF,94.24,1098825,DDN,83,1,64
142893,19,2025-09-26 04:39:02.362,2025-09-26,2025-09-26 10:09:02.362,2025-09-26 04:39:00,,,,6787.0,,,,,29.550798,77.74925,253.4,5.48,MZF,215.07,1099242,MZF,83,64,1
142894,19,2025-09-26 10:05:09.840,2025-09-26,2025-09-26 15:35:09.840,2025-09-26 10:05:00,,,,6986.5,,,,0.0,28.422974,76.99147,211.4,0.0,GGN,28.77,1105861,MZF,84,1,1271
144164,19,2025-09-26 12:01:11.454,2025-09-26,2025-09-26 17:31:11.454,2025-09-26 12:01:00,260.5,638.1,2.0,6986.5,25.34,1.0,0.0,1.0,28.424297,76.993195,224.9,2.48,GGN,196.1,1109344,GGN,84,1271,1
144165,19,2025-09-26 18:29:00.534,2025-09-26,2025-09-26 23:59:00.534,2025-09-26 18:29:00,,,2.0,7194.375,6.72,1.0,0.0,1.0,29.54929,77.747406,256.7,7.84,MZF,31.38,1118037,GGN,85,1,82
144246,19,2025-09-26 19:20:09.339,2025-09-26,2025-09-27 00:50:09.339,2025-09-26 19:20:00,18.0,630.5,2.0,7194.5,0.0,1.0,0.0,1.0,29.550997,77.749176,256.6,49.7,MZF,226.85,1118326,MZF,85,82,1
144247,19,2025-09-26 21:33:50.211,2025-09-26,2025-09-27 03:03:50.211,2025-09-26 21:33:00,14.6,621.2,0.0,7320.0,0.0,1.0,0.0,1.0,30.28913,78.0001,632.4,0.62,DDN,187.31,1122353,MZF,86,1,1188
145434,19,2025-09-26 23:42:02.931,2025-09-26,2025-09-27 05:12:02.931,2025-09-26 23:42:00,8.6,642.4,2.0,7320.796875,33.03,1.0,0.0,,30.289293,78.00081,609.6,24.65,DDN,244.46,1128487,DDN,86,1188,1
145435,19,2025-09-27 02:16:22.555,2025-09-27,2025-09-27 07:46:22.555,2025-09-27 02:16:00,1.3,637.3,0.0,7447.875,0.0,1.0,0.0,0.0,29.549408,77.74748,260.5,0.0,MZF,21.09,1133798,DDN,87,1,511
145945,19,2025-09-27 03:04:08.275,2025-09-27,2025-09-27 08:34:08.275,2025-09-27 03:04:00,168.7,637.3,2.0,7448.125,22.01,1.0,0.0,1.0,29.547703,77.746445,241.7,0.0,MZF,225.49,1135405,MZF,87,511,1
145946,19,2025-09-27 07:58:03.969,2025-09-27,2025-09-27 13:28:03.969,2025-09-27 07:58:00,13.7,629.2,2.0,7648.0,4.55,1.0,0.0,1.0,28.424511,76.993416,214.9,17.86,GGN,228.15,1139559,MZF,88,1,1478
147423,19,2025-09-27 10:26:00.189,2025-09-27,2025-09-27 15:56:00.189,2025-09-27 10:26:00,-0.7,638.8,2.0,7648.845178571429,12.87,1.0,0.0,1.0,28.424631,76.99356,217.2,7.46,GGN,247.55,1144015,GGN,88,1478,1
147424,19,2025-09-27 16:15:02.052,2025-09-27,2025-09-27 21:45:02.052,2025-09-27 16:15:00,,,2.0,7852.27350819819,81.48,1.0,0.0,,29.54771,77.746254,252.1,67.96,MZF,235.31,1150292,GGN,89,1,464
147887,19,2025-09-27 17:17:01.917,2025-09-27,2025-09-27 22:47:01.917,2025-09-27 17:17:00,23.5,633.1,2.0,7853.0,2.49,1.0,0.0,1.0,29.549368,77.74767,261.0,5.22,MZF,5.69,1152380,MZF,89,464,1
147888,19,2025-09-27 19:26:02.219,2025-09-27,2025-09-28 00:56:02.219,2025-09-27 19:26:00,15.8,621.2,0.0,7978.5,0.0,1.0,0.0,1.0,30.289001,78.00006,625.0,0.73,DDN,173.28,1156696,MZF,90,1,2024
149911,19,2025-09-27 23:47:03.647,2025-09-27,2025-09-28 05:17:03.647,2025-09-27 23:47:00,4.1,640.2,2.0,7979.61367820324,25.68,1.0,0.0,1.0,30.289326,78.000046,603.9,0.0,DDN,203.34,1165162,DDN,90,2024,1
149912,19,2025-09-28 01:58:00.373,2025-09-28,2025-09-28 07:28:00.373,2025-09-28 01:58:00,70.4,634.0,2.0,8105.125,81.23,1.0,0.0,1.0,29.549162,77.74773,256.1,76.51,MZF,28.08,1170089,DDN,91,1,833
150744,19,2025-09-28 02:40:00.453,2025-09-28,2025-09-28 08:10:00.453,2025-09-28 02:40:00,33.6,637.4,2.0,8107.0,2.41,1.0,0.0,1.0,29.550833,77.749275,250.6,3.59,MZF,219.55,1172284,MZF,91,833,1
150745,19,2025-09-28 06:54:02.932,2025-09-28,2025-09-28 12:24:02.932,2025-09-28 06:54:00,-1.8,627.9,2.0,8306.375,16.18,1.0,0.0,1.0,28.424355,76.99322,224.4,27.59,GGN,202.31,1178122,MZF,92,1,1138
151882,19,2025-09-28 10:16:22.658,2025-09-28,2025-09-28 15:46:22.658,2025-09-28 10:16:00,11.1,639.3,2.0,8306.875,5.05,1.0,0.0,1.0,28.4235,76.99221,212.3,10.09,GGN,65.23,1182488,GGN,92,1138,1
151883,19,2025-09-28 16:05:48.584,2025-09-28,2025-09-28 21:35:48.584,2025-09-28 16:05:00,,,,8511.5,,,,0.0,29.549522,77.747475,248.8,0.46,MZF,24.74,1190381,GGN,93,1,193
152075,19,2025-09-28 16:53:00.924,2025-09-28,2025-09-28 22:23:00.924,2025-09-28 16:53:00,262.0,627.3,2.0,8511.5,15.74,1.0,0.0,1.0,29.551067,77.74916,257.4,57.65,MZF,232.0,1190921,MZF,93,193,1
152076,19,2025-09-28 19:06:01.662,2025-09-28,2025-09-29 00:36:01.662,2025-09-28 19:06:00,134.2,614.6,2.0,8636.92517196505,50.75,1.0,0.0,,30.28917,78.000595,610.9,41.7,DDN,220.3,1195670,MZF,94,1,2769
154844,19,2025-09-28 23:35:01.710,2025-09-28,2025-09-29 05:05:01.710,2025-09-28 23:35:00,229.6,638.4,2.0,8637.51684397163,18.11,1.0,0.0,1.0,30.289303,77.99903,607.9,5.96,DDN,175.8,1205760,DDN,94,2769,1
154845,19,2025-09-29 02:04:53.591,2025-09-29,2025-09-29 07:34:53.591,2025-09-29 02:04:00,,,,8764.875,,,,0.0,29.549446,77.74751,256.4,0.29,MZF,18.55,1211108,DDN,95,1,392
155236,19,2025-09-29 02:45:04.381,2025-09-29,2025-09-29 08:15:04.381,2025-09-29 02:45:00,,,2.0,8765.125,2.95,1.0,0.0,1.0,29.54786,77.74654,246.0,74.9,MZF,205.83,1212321,MZF,95,392,1
155237,19,2025-09-29 07:26:02.343,2025-09-29,2025-09-29 12:56:02.343,2025-09-29 07:26:00,-119.0,629.8,2.0,8963.875,24.25,1.0,0.0,1.0,28.423346,76.99215,224.6,25.95,GGN,49.73,1218231,MZF,96,1,959
156195,19,2025-09-29 10:15:04.972,2025-09-29,2025-09-29 15:45:04.972,2025-09-29 10:15:00,17.8,636.8,2.0,8964.5,16.36,1.0,0.0,1.0,28.423998,76.992935,227.2,15.35,GGN,154.95,1222560,GGN,96,959,1
156196,19,2025-09-29 16:17:00.587,2025-09-29,2025-09-29 21:47:00.587,2025-09-29 16:17:00,,,2.0,9168.569965653225,40.57,1.0,0.0,1.0,29.548151,77.7467,260.5,72.73,MZF,170.33,1230532,GGN,97,1,611
156806,19,2025-09-29 17:06:02.927,2025-09-29,2025-09-29 22:36:02.927,2025-09-29 17:06:00,,,2.0,9168.975924200062,52.55,1.0,0.0,,29.550495,77.74873,265.0,51.68,MZF,156.33,1232860,MZF,97,611,1
156807,19,2025-09-29 19:25:05.658,2025-09-29,2025-09-30 00:55:05.658,2025-09-29 19:25:00,-189.3,625.3,2.0,9294.375,41.68,1.0,0.0,1.0,30.289158,78.00052,610.4,66.37,DDN,214.46,1237842,MZF,98,1,2374
159180,19,2025-09-29 23:35:04.849,2025-09-29,2025-09-30 05:05:04.849,2025-09-29 23:35:00,9.3,639.1,2.0,9295.375,7.2,1.0,0.0,,30.289295,78.000046,610.0,33.9,DDN,200.32,1249169,DDN,98,2374,1
159181,19,2025-09-30 02:00:01.853,2025-09-30,2025-09-30 07:30:01.853,2025-09-30 02:00:00,97.7,632.7,2.0,9420.481572481573,79.68,1.0,0.0,1.0,29.550808,77.74917,259.7,73.94,MZF,210.56,1254499,DDN,99,1,42
159222,19,2025-09-30 02:45:05.553,2025-09-30,2025-09-30 08:15:05.553,2025-09-30 02:45:00,115.5,631.4,2.0,9423.5,75.98,1.0,0.0,,29.547802,77.74651,256.1,0.0,MZF,212.83,1254744,MZF,99,42,1
159223,19,2025-09-30 07:11:00.856,2025-09-30,2025-09-30 12:41:00.856,2025-09-30 07:11:00,3.9,629.3,1.0,9622.75,1.44,1.0,0.0,1.0,28.422962,76.99149,230.8,0.0,GGN,27.7,1262138,MZF,100,1,869
160091,19,2025-09-30 10:46:07.236,2025-09-30,2025-09-30 16:16:07.236,2025-09-30 10:46:00,17.8,641.1,2.0,9623.0,1.04,1.0,0.0,1.0,28.424414,76.993286,217.6,0.0,GGN,211.51,1265660,GGN,100,869,1
160092,19,2025-09-30 16:44:00.566,2025-09-30,2025-09-30 22:14:00.566,2025-09-30 16:44:00,-296.2,634.6,2.0,9827.125,63.67,1.0,0.0,,29.54829,77.746796,253.3,60.14,MZF,152.34,1274402,GGN,101,1,185
160276,19,2025-09-30 17:43:00.766,2025-09-30,2025-09-30 23:13:00.766,2025-09-30 17:43:00,31.6,630.8,2.0,9827.375,1.39,1.0,0.0,,29.550673,77.74888,257.3,53.32,MZF,180.84,1275275,MZF,101,185,1
160277,19,2025-09-30 19:47:18.173,2025-09-30,2025-10-01 01:17:18.173,2025-09-30 19:47:00,-126.0,626.3,2.0,9952.75,36.53,1.0,0.0,1.0,30.289175,78.00088,609.2,28.57,DDN,240.19,1279636,MZF,102,1,2992
163268,19,2025-09-30 23:22:00.597,2025-09-30,2025-10-01 04:52:00.597,2025-09-30 23:22:00,87.0,641.0,2.0,9954.25,20.29,1.0,0.0,1.0,30.289255,78.000885,596.4,18.23,DDN,246.61,1287214,DDN,102,2992,1
163269,19,2025-10-01 02:05:06.437,2025-10-01,2025-10-01 07:35:06.437,2025-10-01 02:05:00,106.9,640.3,2.0,10079.5,51.77,1.0,0.0,1.0,29.550854,77.74922,244.8,51.43,MZF,217.6,1296057,DDN,103,1,137
163405,19,2025-10-01 02:46:17.272,2025-10-01,2025-10-01 08:16:17.272,2025-10-01 02:46:00,112.5,634.8,2.0,10081.625,22.41,1.0,0.0,1.0,29.54765,77.74641,247.1,0.0,MZF,232.28,1296543,MZF,103,137,1
163406,19,2025-10-01 07:34:10.149,2025-10-01,2025-10-01 13:04:10.149,2025-10-01 07:34:00,25.3,627.2,2.0,10280.558333333332,5.8,1.0,0.0,1.0,28.424643,76.99353,225.5,24.89,GGN,246.38,1308114,MZF,104,1,2774
166179,19,2025-10-01 10:02:16.183,2025-10-01,2025-10-01 15:32:16.183,2025-10-01 10:02:00,19.6,639.4,2.0,10281.25,8.78,1.0,0.0,1.0,28.424658,76.993546,220.7,0.0,GGN,248.66,1316440,GGN,104,2774,1
166180,19,2025-10-01 17:00:00.366,2025-10-01,2025-10-01 22:30:00.366,2025-10-01 17:00:00,2.3,630.0,0.0,10485.25,0.0,1.0,0.0,1.0,29.54948,77.74747,259.5,0.69,MZF,23.28,1331448,GGN,105,1,165
166344,19,2025-10-01 17:50:05.586,2025-10-01,2025-10-01 23:20:05.586,2025-10-01 17:50:00,249.7,627.7,2.0,10485.375,14.71,1.0,0.0,1.0,29.551105,77.749306,259.2,60.84,MZF,244.11,1331921,MZF,105,165,1
166345,19,2025-10-01 20:04:13.276,2025-10-01,2025-10-02 01:34:13.276,2025-10-01 20:04:00,-60.4,617.5,2.0,10610.5,65.91,1.0,0.0,1.0,30.289143,78.000565,610.7,8.32,DDN,216.14,1338744,MZF,106,1,3104
169448,19,2025-10-01 23:40:02.558,2025-10-01,2025-10-02 05:10:02.558,2025-10-01 23:40:00,64.8,638.9,2.0,10612.0,27.87,1.0,0.0,1.0,30.289223,78.000824,584.8,28.56,DDN,239.92,1346860,DDN,106,3104,1
169449,19,2025-10-02 02:51:15.035,2025-10-02,2025-10-02 08:21:15.035,2025-10-02 02:51:00,0.0,0.0,0.0,10739.125,0.0,0.0,0.0,1.0,29.54945,77.747406,248.6,0.0,MZF,28.54,1352921,DDN,107,1,199
169647,19,2025-10-02 03:01:01.007,2025-10-02,2025-10-02 08:31:01.007,2025-10-02 03:01:00,89.5,635.8,2.0,10740.0,59.95,1.0,0.0,1.0,29.547642,77.7464,252.1,58.8,MZF,233.55,1353464,MZF,107,199,1
169648,19,2025-10-02 06:59:03.477,2025-10-02,2025-10-02 12:29:03.477,2025-10-02 06:59:00,-33.0,628.1,2.0,10939.0,9.83,1.0,0.0,1.0,28.424606,76.993515,220.6,23.63,GGN,242.45,1362036,MZF,108,1,3766
173413,19,2025-10-02 10:18:00.177,2025-10-02,2025-10-02 15:48:00.177,2025-10-02 10:18:00,-72.0,637.3,2.0,10939.625,26.93,1.0,0.0,1.0,28.42441,76.99332,222.4,22.66,GGN,213.61,1372433,GGN,108,3766,1
173414,19,2025-10-02 15:35:13.970,2025-10-02,2025-10-02 21:05:13.970,2025-10-02 15:35:00,119.2,627.8,2.0,11143.625,74.56,1.0,0.0,1.0,29.548187,77.74669,248.4,73.69,MZF,167.61,1386316,GGN,109,1,343
173756,19,2025-10-02 16:26:20.390,2025-10-02,2025-10-02 21:56:20.390,2025-10-02 16:26:00,8.7,631.2,0.0,11144.25,0.0,1.0,0.0,1.0,29.549446,77.74752,256.2,0.0,MZF,17.6,1387322,MZF,109,343,1
173757,19,2025-10-02 18:43:00.855,2025-10-02,2025-10-03 00:13:00.855,2025-10-02 18:43:00,188.7,617.1,2.0,11269.717567172896,46.8,1.0,0.0,1.0,30.289032,77.99999,617.1,7.34,DDN,172.43,1391899,MZF,110,1,2048
175804,19,2025-10-02 23:34:05.115,2025-10-02,2025-10-03 05:04:05.115,2025-10-02 23:34:00,17.7,639.0,2.0,11271.0,0.0,1.0,0.0,1.0,30.28932,78.0003,602.2,49.93,DDN,215.56,1399915,DDN,110,2048,1
175805,19,2025-10-03 02:06:04.824,2025-10-03,2025-10-03 07:36:04.824,2025-10-03 02:06:00,84.1,633.5,2.0,11396.220065789474,80.83,1.0,0.0,1.0,29.550898,77.74928,246.7,65.24,MZF,225.13,1405918,DDN,111,1,34
175838,19,2025-10-03 02:51:00.645,2025-10-03,2025-10-03 08:21:00.645,2025-10-03 02:51:00,-13.4,638.8,2.0,11398.5,14.88,1.0,0.0,1.0,29.550735,77.749176,249.3,20.39,MZF,205.06,1406153,MZF,111,34,1
175839,19,2025-10-03 07:32:04.143,2025-10-03,2025-10-03 13:02:04.143,2025-10-03 07:32:00,38.2,623.8,2.0,11597.400943396226,25.11,1.0,0.0,1.0,28.424252,76.9931,216.9,2.72,GGN,185.92,1412891,MZF,112,1,1811
177649,19,2025-10-05 10:12:07.376,2025-10-05,2025-10-05 15:42:07.376,2025-10-05 10:12:00,39.2,637.7,2.0,11717.0,16.32,1.0,0.0,1.0,28.424248,76.99304,207.7,9.69,GGN,181.43,1445183,GGN,112,1811,1
177650,19,2025-10-05 15:59:00.505,2025-10-05,2025-10-05 21:29:00.505,2025-10-05 15:59:00,-52.5,629.2,2.0,11920.573581560284,72.32,1.0,0.0,1.0,29.549206,77.74752,256.2,5.49,MZF,28.74,1453702,GGN,113,1,1151
178800,19,2025-10-05 16:43:04.685,2025-10-05,2025-10-05 22:13:04.685,2025-10-05 16:43:00,16.5,630.5,2.0,11921.5,0.0,1.0,0.0,1.0,29.549402,77.74769,253.0,0.23,MZF,1.45,1456030,MZF,113,1151,1
178801,19,2025-10-05 18:55:05.841,2025-10-05,2025-10-06 00:25:05.841,2025-10-05 18:55:00,-237.6,621.6,2.0,12046.8132124943,44.54,1.0,0.0,1.0,30.289152,78.00075,608.5,39.67,DDN,229.32,1458824,MZF,114,1,4385
183185,19,2025-10-05 23:30:01.934,2025-10-05,2025-10-06 05:00:01.934,2025-10-05 23:30:00,67.1,639.2,2.0,12048.125,34.43,1.0,0.0,1.0,30.289293,77.99999,609.7,33.22,DDN,197.56,1471926,DDN,114,4385,1
183186,19,2025-10-06 02:00:46.936,2025-10-06,2025-10-06 07:30:46.936,2025-10-06 02:00:00,,,,12175.5,,,,0.0,29.549465,77.74746,246.2,0.17,MZF,23.74,1477134,DDN,115,1,1091
184276,19,2025-10-06 02:42:00.315,2025-10-06,2025-10-06 08:12:00.315,2025-10-06 02:42:00,91.7,634.6,2.0,12176.013779527559,52.92,1.0,0.0,1.0,29.549208,77.747795,251.2,49.15,MZF,24.65,1479185,MZF,115,1091,1
184277,19,2025-10-06 08:44:01.937,2025-10-06,2025-10-06 14:14:01.937,2025-10-06 08:44:00,-37.6,625.3,2.0,12383.625,27.33,1.0,0.0,1.0,28.424164,76.993,218.2,27.5,GGN,172.09,1488353,MZF,116,1,1044
185320,19,2025-10-06 10:35:13.398,2025-10-06,2025-10-06 16:05:13.398,2025-10-06 10:35:00,7.3,643.0,2.0,12384.0,0.0,1.0,0.0,1.0,28.423746,76.992584,225.2,0.0,GGN,110.66,1491834,GGN,116,1044,1
185321,19,2025-10-06 16:54:03.210,2025-10-06,2025-10-06 22:24:03.210,2025-10-06 16:54:00,-54.5,626.4,2.0,12588.300210084033,55.41,1.0,0.0,1.0,29.54911,77.74747,255.8,11.17,MZF,40.27,1500807,GGN,117,1,204
185524,19,2025-10-06 17:31:02.230,2025-10-06,2025-10-06 23:01:02.230,2025-10-06 17:31:00,,,2.0,12588.5,4.93,1.0,0.0,1.0,29.551147,77.749306,258.1,0.0,MZF,247.73,1501354,MZF,117,204,1
185525,19,2025-10-06 19:29:01.030,2025-10-06,2025-10-07 00:59:01.030,2025-10-06 19:29:00,,,2.0,12714.347630407125,11.15,1.0,0.0,1.0,30.289127,78.00033,611.4,63.43,DDN,200.03,1504893,MZF,118,1,4529
190053,19,2025-10-06 23:33:00.216,2025-10-06,2025-10-07 05:03:00.216,2025-10-06 23:33:00,8.8,635.0,2.0,12715.094638949671,50.34,1.0,0.0,1.0,30.289082,77.99999,588.8,0.0,DDN,177.15,1515862,DDN,118,4529,1
190054,19,2025-10-07 02:08:02.857,2025-10-07,2025-10-07 07:38:02.857,2025-10-07 02:08:00,46.4,633.0,2.0,12840.424910071943,80.61,1.0,0.0,1.0,29.549477,77.74804,254.6,76.05,MZF,33.84,1521635,DDN,119,1,46
190099,19,2025-10-07 02:43:03.257,2025-10-07,2025-10-07 08:13:03.257,2025-10-07 02:43:00,,,2.0,12843.076761744966,39.8,1.0,0.0,1.0,29.547941,77.74667,252.1,51.33,MZF,191.52,1521984,MZF,119,46,1
190100,19,2025-10-07 07:25:19.486,2025-10-07,2025-10-07 12:55:19.486,2025-10-07 07:25:00,64.8,627.8,2.0,13041.875,11.77,1.0,0.0,,28.424528,76.993454,222.9,25.32,GGN,232.15,1528417,MZF,120,1,1302
191401,19,2025-10-07 10:33:00.672,2025-10-07,2025-10-07 16:03:00.672,2025-10-07 10:33:00,21.9,640.7,2.0,13042.5,3.33,1.0,0.0,1.0,28.424534,76.993484,217.1,10.95,GGN,234.74,1533502,GGN,120,1302,1
191402,19,2025-10-07 20:37:02.993,2025-10-07,2025-10-08 02:07:02.993,2025-10-07 20:37:00,-13.8,627.0,2.0,13246.101319947946,77.26,1.0,0.0,1.0,29.548178,77.746735,253.5,61.33,MZF,165.94,1549704,GGN,121,1,1602
193003,19,2025-10-07 21:37:06.643,2025-10-07,2025-10-08 03:07:06.643,2025-10-07 21:37:00,45.7,630.6,2.0,13246.5,4.05,1.0,0.0,1.0,29.55026,77.74853,255.7,48.8,MZF,123.88,1552796,MZF,121,1602,1
193004,19,2025-10-08 00:00:04.224,2025-10-08,2025-10-08 05:30:04.224,2025-10-08 00:00:00,31.2,623.5,2.0,13372.125,29.15,1.0,0.0,,30.289133,78.000656,601.1,26.12,DDN,221.41,1557487,MZF,122,1,1942
194945,19,2025-10-08 02:23:00.243,2025-10-08,2025-10-08 07:53:00.243,2025-10-08 02:23:00,38.1,640.0,2.0,13373.375,12.41,1.0,0.0,1.0,30.289309,78.00041,593.0,4.24,DDN,220.73,1563615,DDN,122,1942,1
194946,19,2025-10-08 04:51:01.283,2025-10-08,2025-10-08 10:21:01.283,2025-10-08 04:51:00,-53.7,632.1,2.0,13499.0,57.86,1.0,0.0,,29.548956,77.747505,256.8,53.71,MZF,54.14,1570003,DDN,123,1,227
195172,19,2025-10-08 05:45:04.607,2025-10-08,2025-10-08 11:15:04.607,2025-10-08 05:45:00,-176.6,638.8,2.0,13501.0,37.27,1.0,0.0,1.0,29.549376,77.74793,253.3,0.0,MZF,22.82,1570765,MZF,123,227,1
195173,19,2025-10-08 11:39:00.818,2025-10-08,2025-10-08 17:09:00.818,2025-10-08 11:39:00,24.4,627.8,2.0,13699.625,22.26,1.0,0.0,1.0,28.424105,76.99294,226.1,18.75,GGN,163.31,1579380,MZF,124,1,6658
201830,19,2025-10-16 03:12:15.091,2025-10-16,2025-10-16 08:42:15.091,2025-10-16 03:12:00,16.1,637.6,1.0,13801.5,3.27,1.0,0.0,1.0,28.422873,76.99143,225.7,0.0,GGN,38.21,1614873,GGN,124,6658,1
