--
-- PostgreSQL database dump
--

\restrict cCHKjdxlNa0FLicvwFc8Fud5DnZ0BERCgovvFjdFyERYjvIxkxAaMMnDXBMriwi

-- Dumped from database version 17.4
-- Dumped by pg_dump version 17.6 (Debian 17.6-0+deb13u1)

SET statement_timeout = 0;
SET lock_timeout = 0;
SET idle_in_transaction_session_timeout = 0;
SET transaction_timeout = 0;
SET client_encoding = 'UTF8';
SET standard_conforming_strings = on;
SELECT pg_catalog.set_config('search_path', '', false);
SET check_function_bodies = false;
SET xmloption = content;
SET client_min_messages = warning;
SET row_security = off;

SET default_tablespace = '';

SET default_table_access_method = heap;

--
-- Name: cities; Type: TABLE; Schema: public; Owner: naarni_backend_service
--

CREATE TABLE public.cities (
    id bigint NOT NULL,
    created_at timestamp with time zone NOT NULL,
    last_modified_at timestamp with time zone,
    name character varying(255) NOT NULL,
    state character varying(255) NOT NULL,
    country character varying(255) NOT NULL,
    latitude double precision,
    longitude double precision,
    is_active boolean NOT NULL,
    description character varying(255)
);


ALTER TABLE public.cities OWNER TO naarni_backend_service;

--
-- Name: cities_id_seq; Type: SEQUENCE; Schema: public; Owner: naarni_backend_service
--

ALTER TABLE public.cities ALTER COLUMN id ADD GENERATED BY DEFAULT AS IDENTITY (
    SEQUENCE NAME public.cities_id_seq
    START WITH 1
    INCREMENT BY 1
    NO MINVALUE
    NO MAXVALUE
    CACHE 1
);


--
-- Name: device_vehicle_mappings; Type: TABLE; Schema: public; Owner: naarni_backend_service
--

CREATE TABLE public.device_vehicle_mappings (
    id bigint NOT NULL,
    created_at timestamp with time zone NOT NULL,
    last_modified_at timestamp with time zone,
    device_id bigint NOT NULL,
    vehicle_id bigint NOT NULL,
    installation_date timestamp with time zone NOT NULL,
    uninstallation_date timestamp with time zone,
    installed_by character varying(255),
    uninstalled_by character varying(255),
    notes character varying(255)
);


ALTER TABLE public.device_vehicle_mappings OWNER TO naarni_backend_service;

--
-- Name: device_vehicle_mappings_id_seq; Type: SEQUENCE; Schema: public; Owner: naarni_backend_service
--

ALTER TABLE public.device_vehicle_mappings ALTER COLUMN id ADD GENERATED BY DEFAULT AS IDENTITY (
    SEQUENCE NAME public.device_vehicle_mappings_id_seq
    START WITH 1
    INCREMENT BY 1
    NO MINVALUE
    NO MAXVALUE
    CACHE 1
);


--
-- Name: fleet_operator_mappings; Type: TABLE; Schema: public; Owner: naarni_backend_service
--

CREATE TABLE public.fleet_operator_mappings (
    id bigint NOT NULL,
    created_at timestamp with time zone NOT NULL,
    last_modified_at timestamp with time zone,
    fleet_id bigint NOT NULL,
    operator_organization_id bigint NOT NULL,
    operation_start_date timestamp with time zone NOT NULL,
    operation_end_date timestamp with time zone,
    notes character varying(255),
    ended_at timestamp with time zone,
    ended_by character varying(255),
    end_reason character varying(255)
);


ALTER TABLE public.fleet_operator_mappings OWNER TO naarni_backend_service;

--
-- Name: fleet_operator_mappings_id_seq; Type: SEQUENCE; Schema: public; Owner: naarni_backend_service
--

ALTER TABLE public.fleet_operator_mappings ALTER COLUMN id ADD GENERATED BY DEFAULT AS IDENTITY (
    SEQUENCE NAME public.fleet_operator_mappings_id_seq
    START WITH 1
    INCREMENT BY 1
    NO MINVALUE
    NO MAXVALUE
    CACHE 1
);


--
-- Name: fleets; Type: TABLE; Schema: public; Owner: naarni_backend_service
--

CREATE TABLE public.fleets (
    id bigint NOT NULL,
    created_at timestamp with time zone NOT NULL,
    last_modified_at timestamp with time zone,
    name character varying(255) NOT NULL,
    description character varying(255),
    organization_id bigint NOT NULL,
    financier_organization_id bigint
);


ALTER TABLE public.fleets OWNER TO naarni_backend_service;

--
-- Name: fleets_id_seq; Type: SEQUENCE; Schema: public; Owner: naarni_backend_service
--

ALTER TABLE public.fleets ALTER COLUMN id ADD GENERATED BY DEFAULT AS IDENTITY (
    SEQUENCE NAME public.fleets_id_seq
    START WITH 1
    INCREMENT BY 1
    NO MINVALUE
    NO MAXVALUE
    CACHE 1
);


--
-- Name: organizations; Type: TABLE; Schema: public; Owner: naarni_backend_service
--

CREATE TABLE public.organizations (
    id bigint NOT NULL,
    created_at timestamp with time zone NOT NULL,
    last_modified_at timestamp with time zone,
    name character varying(255) NOT NULL,
    description character varying(255),
    organization_type character varying(255) NOT NULL,
    is_active boolean NOT NULL,
    address character varying(255),
    city character varying(255),
    state character varying(255),
    country character varying(255),
    postal_code character varying(255),
    phone character varying(255),
    email character varying(255),
    website character varying(255),
    gst_number character varying(255),
    pan_number character varying(255),
    parent_organization_id bigint,
    is_operator boolean NOT NULL
);


ALTER TABLE public.organizations OWNER TO naarni_backend_service;

--
-- Name: organizations_id_seq; Type: SEQUENCE; Schema: public; Owner: naarni_backend_service
--

ALTER TABLE public.organizations ALTER COLUMN id ADD GENERATED BY DEFAULT AS IDENTITY (
    SEQUENCE NAME public.organizations_id_seq
    START WITH 1
    INCREMENT BY 1
    NO MINVALUE
    NO MAXVALUE
    CACHE 1
);


--
-- Name: routes; Type: TABLE; Schema: public; Owner: naarni_backend_service
--

CREATE TABLE public.routes (
    id bigint NOT NULL,
    created_at timestamp with time zone NOT NULL,
    last_modified_at timestamp with time zone,
    name character varying(255) NOT NULL,
    description character varying(255),
    start_city_id bigint NOT NULL,
    end_city_id bigint NOT NULL,
    distance double precision,
    estimated_duration integer,
    route_type character varying(255)
);


ALTER TABLE public.routes OWNER TO naarni_backend_service;

--
-- Name: routes_id_seq; Type: SEQUENCE; Schema: public; Owner: naarni_backend_service
--

ALTER TABLE public.routes ALTER COLUMN id ADD GENERATED BY DEFAULT AS IDENTITY (
    SEQUENCE NAME public.routes_id_seq
    START WITH 1
    INCREMENT BY 1
    NO MINVALUE
    NO MAXVALUE
    CACHE 1
);


--
-- Name: user_accounts; Type: TABLE; Schema: public; Owner: naarni_backend_service
--

CREATE TABLE public.user_accounts (
    id bigint NOT NULL,
    created_at timestamp with time zone NOT NULL,
    last_modified_at timestamp with time zone,
    uuid uuid NOT NULL,
    phone character varying(255) NOT NULL,
    email character varying(255),
    is_email_verified boolean NOT NULL,
    is_phone_verified boolean NOT NULL,
    organization_id bigint,
    user_status character varying(255),
    last_login_at timestamp with time zone
);


ALTER TABLE public.user_accounts OWNER TO naarni_backend_service;

--
-- Name: user_accounts_id_seq; Type: SEQUENCE; Schema: public; Owner: naarni_backend_service
--

ALTER TABLE public.user_accounts ALTER COLUMN id ADD GENERATED BY DEFAULT AS IDENTITY (
    SEQUENCE NAME public.user_accounts_id_seq
    START WITH 1
    INCREMENT BY 1
    NO MINVALUE
    NO MAXVALUE
    CACHE 1
);


--
-- Name: user_profiles; Type: TABLE; Schema: public; Owner: naarni_backend_service
--

CREATE TABLE public.user_profiles (
    id bigint NOT NULL,
    created_at timestamp with time zone NOT NULL,
    last_modified_at timestamp with time zone,
    user_account_id bigint NOT NULL,
    first_name character varying(255) NOT NULL,
    last_name character varying(255),
    middle_name character varying(255),
    profile_picture_url character varying(255)
);


ALTER TABLE public.user_profiles OWNER TO naarni_backend_service;

--
-- Name: user_profiles_id_seq; Type: SEQUENCE; Schema: public; Owner: naarni_backend_service
--

ALTER TABLE public.user_profiles ALTER COLUMN id ADD GENERATED BY DEFAULT AS IDENTITY (
    SEQUENCE NAME public.user_profiles_id_seq
    START WITH 1
    INCREMENT BY 1
    NO MINVALUE
    NO MAXVALUE
    CACHE 1
);


--
-- Name: vehicle_devices; Type: TABLE; Schema: public; Owner: naarni_backend_service
--

CREATE TABLE public.vehicle_devices (
    id bigint NOT NULL,
    created_at timestamp with time zone NOT NULL,
    last_modified_at timestamp with time zone,
    device_id character varying(255) NOT NULL,
    device_name character varying(255),
    device_type character varying(255) NOT NULL,
    manufacturer character varying(255),
    model character varying(255),
    serial_number character varying(100),
    status character varying(255) NOT NULL,
    is_primary boolean NOT NULL,
    is_active boolean NOT NULL,
    installed_at timestamp with time zone,
    installed_by character varying(255),
    uninstalled_at timestamp with time zone,
    notes character varying(255)
);


ALTER TABLE public.vehicle_devices OWNER TO naarni_backend_service;

--
-- Name: vehicle_devices_id_seq; Type: SEQUENCE; Schema: public; Owner: naarni_backend_service
--

ALTER TABLE public.vehicle_devices ALTER COLUMN id ADD GENERATED BY DEFAULT AS IDENTITY (
    SEQUENCE NAME public.vehicle_devices_id_seq
    START WITH 1
    INCREMENT BY 1
    NO MINVALUE
    NO MAXVALUE
    CACHE 1
);


--
-- Name: vehicles; Type: TABLE; Schema: public; Owner: naarni_backend_service
--

CREATE TABLE public.vehicles (
    id bigint NOT NULL,
    created_at timestamp with time zone NOT NULL,
    last_modified_at timestamp with time zone,
    registration_number character varying(255) NOT NULL,
    model character varying(255) NOT NULL,
    make character varying(255),
    year integer,
    capacity integer,
    status character varying(255) NOT NULL,
    is_active boolean NOT NULL,
    fleet_id bigint
);


ALTER TABLE public.vehicles OWNER TO naarni_backend_service;

--
-- Name: vehicle_goals; Type: TABLE; Schema: public; Owner: naarni_backend_service
--

CREATE TABLE public.vehicle_goals (
    id bigint NOT NULL,
    created_at timestamp with time zone NOT NULL,
    last_modified_at timestamp with time zone,
    vehicle_id bigint NOT NULL,
    route_id bigint NOT NULL,
    day smallint NOT NULL,
    target_km_run double precision NOT NULL,
    is_active boolean DEFAULT true NOT NULL,
    effective_from timestamp with time zone NOT NULL,
    effective_until timestamp with time zone,
    notes character varying(500),
    created_by bigint
);


ALTER TABLE public.vehicle_goals OWNER TO naarni_backend_service;

--
-- Name: vehicle_goals_id_seq; Type: SEQUENCE; Schema: public; Owner: naarni_backend_service
--

ALTER TABLE public.vehicle_goals ALTER COLUMN id ADD GENERATED BY DEFAULT AS IDENTITY (
    SEQUENCE NAME public.vehicle_goals_id_seq
    START WITH 1
    INCREMENT BY 1
    NO MINVALUE
    NO MAXVALUE
    CACHE 1
);


--
-- Name: vehicles_id_seq; Type: SEQUENCE; Schema: public; Owner: naarni_backend_service
--

ALTER TABLE public.vehicles ALTER COLUMN id ADD GENERATED BY DEFAULT AS IDENTITY (
    SEQUENCE NAME public.vehicles_id_seq
    START WITH 1
    INCREMENT BY 1
    NO MINVALUE
    NO MAXVALUE
    CACHE 1
);


--
-- Data for Name: cities; Type: TABLE DATA; Schema: public; Owner: naarni_backend_service
--

COPY public.cities (id, created_at, last_modified_at, name, state, country, latitude, longitude, is_active, description) FROM stdin;
1	2025-11-18 08:40:01.583805+00	2025-11-18 08:40:01.583805+00	New Delhi	Delhi	India	28.6139	77.209	t	National Capital of India
2	2025-11-18 08:40:01.583805+00	2025-11-18 08:40:01.583805+00	Delhi	Delhi	India	28.7041	77.1025	t	Capital Territory
3	2025-11-18 08:40:01.583805+00	2025-11-18 08:40:01.583805+00	Mumbai	Maharashtra	India	19.076	72.8777	t	Financial Capital of India
4	2025-11-18 08:40:01.583805+00	2025-11-18 08:40:01.583805+00	Pune	Maharashtra	India	18.5204	73.8567	t	IT Hub and Cultural Capital
5	2025-11-18 08:40:01.583805+00	2025-11-18 08:40:01.583805+00	Nagpur	Maharashtra	India	21.1458	79.0882	t	Orange City
6	2025-11-18 08:40:01.583805+00	2025-11-18 08:40:01.583805+00	Nashik	Maharashtra	India	19.9975	73.7898	t	Wine Capital of India
7	2025-11-18 08:40:01.583805+00	2025-11-18 08:40:01.583805+00	Aurangabad	Maharashtra	India	19.8762	75.3433	t	City of Gates
8	2025-11-18 08:40:01.583805+00	2025-11-18 08:40:01.583805+00	Solapur	Maharashtra	India	17.6599	75.9064	t	Textile City
9	2025-11-18 08:40:01.583805+00	2025-11-18 08:40:01.583805+00	Amravati	Maharashtra	India	20.9374	77.7796	t	Cotton City
10	2025-11-18 08:40:01.583805+00	2025-11-18 08:40:01.583805+00	Kolhapur	Maharashtra	India	16.705	74.2433	t	City of Temples
11	2025-11-18 08:40:01.583805+00	2025-11-18 08:40:01.583805+00	Sangli	Maharashtra	India	16.8524	74.5815	t	Sugar Bowl of India
12	2025-11-18 08:40:01.583805+00	2025-11-18 08:40:01.583805+00	Malegaon	Maharashtra	India	20.5598	74.525	t	Power Loom City
13	2025-11-18 08:40:01.583805+00	2025-11-18 08:40:01.583805+00	Bangalore	Karnataka	India	12.9716	77.5946	t	Silicon Valley of India
14	2025-11-18 08:40:01.583805+00	2025-11-18 08:40:01.583805+00	Mysore	Karnataka	India	12.2958	76.6394	t	City of Palaces
15	2025-11-18 08:40:01.583805+00	2025-11-18 08:40:01.583805+00	Hubli	Karnataka	India	15.3647	75.124	t	Commercial Hub
16	2025-11-18 08:40:01.583805+00	2025-11-18 08:40:01.583805+00	Mangalore	Karnataka	India	12.9141	74.856	t	Port City
17	2025-11-18 08:40:01.583805+00	2025-11-18 08:40:01.583805+00	Belgaum	Karnataka	India	15.8497	74.4977	t	Military City
18	2025-11-18 08:40:01.583805+00	2025-11-18 08:40:01.583805+00	Gulbarga	Karnataka	India	17.3297	76.8343	t	Historical City
19	2025-11-18 08:40:01.583805+00	2025-11-18 08:40:01.583805+00	Davanagere	Karnataka	India	14.4644	75.9218	t	Textile City
20	2025-11-18 08:40:01.583805+00	2025-11-18 08:40:01.583805+00	Bellary	Karnataka	India	15.1394	76.9214	t	Mining City
21	2025-11-18 08:40:01.583805+00	2025-11-18 08:40:01.583805+00	Bijapur	Karnataka	India	16.8244	75.7154	t	City of Victory
22	2025-11-18 08:40:01.583805+00	2025-11-18 08:40:01.583805+00	Shimoga	Karnataka	India	13.9299	75.5681	t	Gateway to Malnad
23	2025-11-18 08:40:01.583805+00	2025-11-18 08:40:01.583805+00	Chennai	Tamil Nadu	India	13.0827	80.2707	t	Gateway to South India
24	2025-11-18 08:40:01.583805+00	2025-11-18 08:40:01.583805+00	Coimbatore	Tamil Nadu	India	11.0168	76.9558	t	Manchester of South India
25	2025-11-18 08:40:01.583805+00	2025-11-18 08:40:01.583805+00	Madurai	Tamil Nadu	India	9.9252	78.1198	t	Athens of the East
26	2025-11-18 08:40:01.583805+00	2025-11-18 08:40:01.583805+00	Tiruchirappalli	Tamil Nadu	India	10.7905	78.7047	t	Rock Fort City
27	2025-11-18 08:40:01.583805+00	2025-11-18 08:40:01.583805+00	Salem	Tamil Nadu	India	11.6643	78.146	t	Steel City
28	2025-11-18 08:40:01.583805+00	2025-11-18 08:40:01.583805+00	Tirunelveli	Tamil Nadu	India	8.7139	77.7567	t	Temple City
29	2025-11-18 08:40:01.583805+00	2025-11-18 08:40:01.583805+00	Tiruppur	Tamil Nadu	India	11.1085	77.3411	t	Knitwear Capital
30	2025-11-18 08:40:01.583805+00	2025-11-18 08:40:01.583805+00	Erode	Tamil Nadu	India	11.341	77.7172	t	Turmeric City
31	2025-11-18 08:40:01.583805+00	2025-11-18 08:40:01.583805+00	Vellore	Tamil Nadu	India	12.9202	79.15	t	Fort City
32	2025-11-18 08:40:01.583805+00	2025-11-18 08:40:01.583805+00	Thoothukudi	Tamil Nadu	India	8.7642	78.1348	t	Pearl City
33	2025-11-18 08:40:01.583805+00	2025-11-18 08:40:01.583805+00	Thiruvananthapuram	Kerala	India	8.5241	76.9366	t	Capital of Kerala
34	2025-11-18 08:40:01.583805+00	2025-11-18 08:40:01.583805+00	Kochi	Kerala	India	9.9312	76.2673	t	Queen of Arabian Sea
35	2025-11-18 08:40:01.583805+00	2025-11-18 08:40:01.583805+00	Kozhikode	Kerala	India	11.2588	75.7804	t	City of Spices
36	2025-11-18 08:40:01.583805+00	2025-11-18 08:40:01.583805+00	Thrissur	Kerala	India	10.5276	76.2144	t	Cultural Capital of Kerala
37	2025-11-18 08:40:01.583805+00	2025-11-18 08:40:01.583805+00	Kollam	Kerala	India	8.8932	76.6141	t	Cashew Capital
38	2025-11-18 08:40:01.583805+00	2025-11-18 08:40:01.583805+00	Palakkad	Kerala	India	10.7867	76.6548	t	Gateway to Kerala
39	2025-11-18 08:40:01.583805+00	2025-11-18 08:40:01.583805+00	Alappuzha	Kerala	India	9.4981	76.3388	t	Venice of the East
40	2025-11-18 08:40:01.583805+00	2025-11-18 08:40:01.583805+00	Kannur	Kerala	India	11.8745	75.3704	t	Crown of Kerala
41	2025-11-18 08:40:01.583805+00	2025-11-18 08:40:01.583805+00	Kasaragod	Kerala	India	12.4994	74.9896	t	Northernmost District
42	2025-11-18 08:40:01.583805+00	2025-11-18 08:40:01.583805+00	Pathanamthitta	Kerala	India	9.2648	76.787	t	Pilgrimage City
43	2025-11-18 08:40:01.583805+00	2025-11-18 08:40:01.583805+00	Hyderabad	Telangana	India	17.385	78.4867	t	City of Pearls
44	2025-11-18 08:40:01.583805+00	2025-11-18 08:40:01.583805+00	Visakhapatnam	Andhra Pradesh	India	17.6868	83.2185	t	Jewel of the East Coast
45	2025-11-18 08:40:01.583805+00	2025-11-18 08:40:01.583805+00	Vijayawada	Andhra Pradesh	India	16.5062	80.648	t	Business Capital of Andhra Pradesh
46	2025-11-18 08:40:01.583805+00	2025-11-18 08:40:01.583805+00	Guntur	Andhra Pradesh	India	16.3068	80.4365	t	Chili Capital
47	2025-11-18 08:40:01.583805+00	2025-11-18 08:40:01.583805+00	Nellore	Andhra Pradesh	India	14.4426	79.9865	t	Rice Bowl of Andhra Pradesh
48	2025-11-18 08:40:01.583805+00	2025-11-18 08:40:01.583805+00	Kurnool	Andhra Pradesh	India	15.8305	78.0421	t	Gateway to Rayalaseema
49	2025-11-18 08:40:01.583805+00	2025-11-18 08:40:01.583805+00	Tirupati	Andhra Pradesh	India	13.6288	79.4192	t	Spiritual Capital
50	2025-11-18 08:40:01.583805+00	2025-11-18 08:40:01.583805+00	Rajahmundry	Andhra Pradesh	India	17.0005	81.804	t	Cultural Capital
51	2025-11-18 08:40:01.583805+00	2025-11-18 08:40:01.583805+00	Kadapa	Andhra Pradesh	India	14.4664	78.8235	t	Historical City
52	2025-11-18 08:40:01.583805+00	2025-11-18 08:40:01.583805+00	Anantapur	Andhra Pradesh	India	14.6819	77.6006	t	Diamond City
53	2025-11-18 08:40:01.583805+00	2025-11-18 08:40:01.583805+00	Ahmedabad	Gujarat	India	23.0225	72.5714	t	Manchester of India
54	2025-11-18 08:40:01.583805+00	2025-11-18 08:40:01.583805+00	Surat	Gujarat	India	21.1702	72.8311	t	Diamond City
55	2025-11-18 08:40:01.583805+00	2025-11-18 08:40:01.583805+00	Vadodara	Gujarat	India	22.3072	73.1812	t	Cultural Capital of Gujarat
56	2025-11-18 08:40:01.583805+00	2025-11-18 08:40:01.583805+00	Rajkot	Gujarat	India	22.3039	70.8022	t	Rangilu Rajkot
57	2025-11-18 08:40:01.583805+00	2025-11-18 08:40:01.583805+00	Bhavnagar	Gujarat	India	21.7645	72.1519	t	Port City
58	2025-11-18 08:40:01.583805+00	2025-11-18 08:40:01.583805+00	Jamnagar	Gujarat	India	22.4707	70.0577	t	Oil City
59	2025-11-18 08:40:01.583805+00	2025-11-18 08:40:01.583805+00	Junagadh	Gujarat	India	21.5222	70.4579	t	Historical City
60	2025-11-18 08:40:01.583805+00	2025-11-18 08:40:01.583805+00	Gandhinagar	Gujarat	India	23.2156	72.6369	t	Capital of Gujarat
61	2025-11-18 08:40:01.583805+00	2025-11-18 08:40:01.583805+00	Nadiad	Gujarat	India	22.6939	72.8616	t	Educational Hub
62	2025-11-18 08:40:01.583805+00	2025-11-18 08:40:01.583805+00	Bharuch	Gujarat	India	21.7051	72.9959	t	Chemical Hub
63	2025-11-18 08:40:01.583805+00	2025-11-18 08:40:01.583805+00	Jaipur	Rajasthan	India	26.9124	75.7873	t	Pink City
64	2025-11-18 08:40:01.583805+00	2025-11-18 08:40:01.583805+00	Jodhpur	Rajasthan	India	26.2389	73.0243	t	Blue City
65	2025-11-18 08:40:01.583805+00	2025-11-18 08:40:01.583805+00	Udaipur	Rajasthan	India	24.5854	73.7125	t	City of Lakes
66	2025-11-18 08:40:01.583805+00	2025-11-18 08:40:01.583805+00	Kota	Rajasthan	India	25.2138	75.8648	t	Education Hub
67	2025-11-18 08:40:01.583805+00	2025-11-18 08:40:01.583805+00	Bikaner	Rajasthan	India	28.0229	73.3119	t	Camel City
68	2025-11-18 08:40:01.583805+00	2025-11-18 08:40:01.583805+00	Ajmer	Rajasthan	India	26.4499	74.6399	t	Pilgrimage City
69	2025-11-18 08:40:01.583805+00	2025-11-18 08:40:01.583805+00	Bharatpur	Rajasthan	India	27.2156	77.49	t	Eastern Gateway
70	2025-11-18 08:40:01.583805+00	2025-11-18 08:40:01.583805+00	Alwar	Rajasthan	India	27.5665	76.6108	t	Tiger City
71	2025-11-18 08:40:01.583805+00	2025-11-18 08:40:01.583805+00	Sikar	Rajasthan	India	27.6109	75.14	t	Shekhawati Region
72	2025-11-18 08:40:01.583805+00	2025-11-18 08:40:01.583805+00	Pali	Rajasthan	India	25.7713	73.3233	t	Industrial City
73	2025-11-18 08:40:01.583805+00	2025-11-18 08:40:01.583805+00	Lucknow	Uttar Pradesh	India	26.8467	80.9462	t	City of Nawabs
74	2025-11-18 08:40:01.583805+00	2025-11-18 08:40:01.583805+00	Kanpur	Uttar Pradesh	India	26.4499	80.3319	t	Leather City
75	2025-11-18 08:40:01.583805+00	2025-11-18 08:40:01.583805+00	Agra	Uttar Pradesh	India	27.1767	78.0081	t	City of Taj Mahal
76	2025-11-18 08:40:01.583805+00	2025-11-18 08:40:01.583805+00	Varanasi	Uttar Pradesh	India	25.3176	82.9739	t	Spiritual Capital of India
77	2025-11-18 08:40:01.583805+00	2025-11-18 08:40:01.583805+00	Allahabad	Uttar Pradesh	India	25.4358	81.8463	t	Prayagraj - City of Confluence
78	2025-11-18 08:40:01.583805+00	2025-11-18 08:40:01.583805+00	Bareilly	Uttar Pradesh	India	28.367	79.4304	t	Nath Nagri
79	2025-11-18 08:40:01.583805+00	2025-11-18 08:40:01.583805+00	Meerut	Uttar Pradesh	India	28.9845	77.7064	t	Sports City
80	2025-11-18 08:40:01.583805+00	2025-11-18 08:40:01.583805+00	Ghaziabad	Uttar Pradesh	India	28.6692	77.4538	t	Gateway to UP
81	2025-11-18 08:40:01.583805+00	2025-11-18 08:40:01.583805+00	Aligarh	Uttar Pradesh	India	27.8974	78.088	t	Lock City
82	2025-11-18 08:40:01.583805+00	2025-11-18 08:40:01.583805+00	Moradabad	Uttar Pradesh	India	28.8388	78.7738	t	Brass City
83	2025-11-18 08:40:01.583805+00	2025-11-18 08:40:01.583805+00	Chandigarh	Chandigarh	India	30.7333	76.7794	t	City Beautiful
84	2025-11-18 08:40:01.583805+00	2025-11-18 08:40:01.583805+00	Ludhiana	Punjab	India	30.901	75.8573	t	Manchester of Punjab
85	2025-11-18 08:40:01.583805+00	2025-11-18 08:40:01.583805+00	Amritsar	Punjab	India	31.634	74.8723	t	Golden City
86	2025-11-18 08:40:01.583805+00	2025-11-18 08:40:01.583805+00	Jalandhar	Punjab	India	31.326	75.5762	t	Sports Capital
87	2025-11-18 08:40:01.583805+00	2025-11-18 08:40:01.583805+00	Patiala	Punjab	India	30.3398	76.3869	t	Royal City
88	2025-11-18 08:40:01.583805+00	2025-11-18 08:40:01.583805+00	Bathinda	Punjab	India	30.211	74.9455	t	Cotton City
89	2025-11-18 08:40:01.583805+00	2025-11-18 08:40:01.583805+00	Mohali	Punjab	India	30.7046	76.7179	t	IT Hub
90	2025-11-18 08:40:01.583805+00	2025-11-18 08:40:01.583805+00	Firozpur	Punjab	India	30.9333	74.6167	t	Border City
91	2025-11-18 08:40:01.583805+00	2025-11-18 08:40:01.583805+00	Batala	Punjab	India	31.8188	75.2028	t	Industrial City
92	2025-11-18 08:40:01.583805+00	2025-11-18 08:40:01.583805+00	Pathankot	Punjab	India	32.2743	75.6527	t	Gateway to Himachal
93	2025-11-18 08:40:01.583805+00	2025-11-18 08:40:01.583805+00	Gurgaon	Haryana	India	28.4595	77.0266	t	Cyber City
94	2025-11-18 08:40:01.583805+00	2025-11-18 08:40:01.583805+00	Faridabad	Haryana	India	28.4089	77.3178	t	Industrial Hub
95	2025-11-18 08:40:01.583805+00	2025-11-18 08:40:01.583805+00	Panipat	Haryana	India	29.3909	76.9635	t	City of Weavers
96	2025-11-18 08:40:01.583805+00	2025-11-18 08:40:01.583805+00	Ambala	Haryana	India	30.3753	76.7821	t	Cantonment City
97	2025-11-18 08:40:01.583805+00	2025-11-18 08:40:01.583805+00	Karnal	Haryana	India	29.6857	76.9905	t	Rice Bowl of India
98	2025-11-18 08:40:01.583805+00	2025-11-18 08:40:01.583805+00	Hisar	Haryana	India	29.1492	75.7217	t	Steel City
99	2025-11-18 08:40:01.583805+00	2025-11-18 08:40:01.583805+00	Rohtak	Haryana	India	28.8955	76.6066	t	Educational Hub
100	2025-11-18 08:40:01.583805+00	2025-11-18 08:40:01.583805+00	Sonipat	Haryana	India	28.9931	77.0151	t	Industrial City
101	2025-11-18 08:40:01.583805+00	2025-11-18 08:40:01.583805+00	Yamunanagar	Haryana	India	30.129	77.2674	t	Paper City
102	2025-11-18 08:40:01.583805+00	2025-11-18 08:40:01.583805+00	Rewari	Haryana	India	28.1993	76.6173	t	Industrial Hub
103	2025-11-18 08:40:01.583805+00	2025-11-18 08:40:01.583805+00	Kolkata	West Bengal	India	22.5726	88.3639	t	City of Joy
104	2025-11-18 08:40:01.583805+00	2025-11-18 08:40:01.583805+00	Asansol	West Bengal	India	23.6739	86.9524	t	Coal City
105	2025-11-18 08:40:01.583805+00	2025-11-18 08:40:01.583805+00	Siliguri	West Bengal	India	26.7271	88.3953	t	Gateway to Northeast
106	2025-11-18 08:40:01.583805+00	2025-11-18 08:40:01.583805+00	Durgapur	West Bengal	India	23.5204	87.3119	t	Steel City
107	2025-11-18 08:40:01.583805+00	2025-11-18 08:40:01.583805+00	Bardhaman	West Bengal	India	23.24	87.8695	t	Rice Bowl of Bengal
108	2025-11-18 08:40:01.583805+00	2025-11-18 08:40:01.583805+00	Malda	West Bengal	India	25.0116	88.1404	t	Mango City
109	2025-11-18 08:40:01.583805+00	2025-11-18 08:40:01.583805+00	Baharampur	West Bengal	India	24.1047	88.2515	t	Historical City
110	2025-11-18 08:40:01.583805+00	2025-11-18 08:40:01.583805+00	Habra	West Bengal	India	22.8304	88.6304	t	Industrial City
111	2025-11-18 08:40:01.583805+00	2025-11-18 08:40:01.583805+00	Kharagpur	West Bengal	India	22.3149	87.3105	t	Educational Hub
112	2025-11-18 08:40:01.583805+00	2025-11-18 08:40:01.583805+00	Balurghat	West Bengal	India	25.2207	88.7774	t	Agricultural Hub
113	2025-11-18 08:40:01.583805+00	2025-11-18 08:40:01.583805+00	Bhubaneswar	Odisha	India	20.2961	85.8245	t	Temple City
114	2025-11-18 08:40:01.583805+00	2025-11-18 08:40:01.583805+00	Cuttack	Odisha	India	20.4625	85.882	t	Silver City
115	2025-11-18 08:40:01.583805+00	2025-11-18 08:40:01.583805+00	Rourkela	Odisha	India	22.2604	84.8536	t	Steel City
116	2025-11-18 08:40:01.583805+00	2025-11-18 08:40:01.583805+00	Berhampur	Odisha	India	19.3142	84.7941	t	Silk City
117	2025-11-18 08:40:01.583805+00	2025-11-18 08:40:01.583805+00	Sambalpur	Odisha	India	21.4704	83.9701	t	Textile City
118	2025-11-18 08:40:01.583805+00	2025-11-18 08:40:01.583805+00	Puri	Odisha	India	19.8134	85.8315	t	Spiritual City
119	2025-11-18 08:40:01.583805+00	2025-11-18 08:40:01.583805+00	Balasore	Odisha	India	21.4945	86.9336	t	Missile City
120	2025-11-18 08:40:01.583805+00	2025-11-18 08:40:01.583805+00	Bhadrak	Odisha	India	21.0524	86.5152	t	Commercial Hub
121	2025-11-18 08:40:01.583805+00	2025-11-18 08:40:01.583805+00	Baripada	Odisha	India	21.935	86.73	t	Cultural City
122	2025-11-18 08:40:01.583805+00	2025-11-18 08:40:01.583805+00	Jharsuguda	Odisha	India	21.8556	84.0062	t	Industrial Hub
123	2025-11-18 08:40:01.583805+00	2025-11-18 08:40:01.583805+00	Guwahati	Assam	India	26.1445	91.7362	t	Gateway to Northeast
124	2025-11-18 08:40:01.583805+00	2025-11-18 08:40:01.583805+00	Silchar	Assam	India	24.8167	92.8	t	Tea City
125	2025-11-18 08:40:01.583805+00	2025-11-18 08:40:01.583805+00	Dibrugarh	Assam	India	27.4728	94.912	t	Tea Capital
126	2025-11-18 08:40:01.583805+00	2025-11-18 08:40:01.583805+00	Jorhat	Assam	India	26.7509	94.2037	t	Cultural Capital
127	2025-11-18 08:40:01.583805+00	2025-11-18 08:40:01.583805+00	Nagaon	Assam	India	26.3509	92.6881	t	Commercial Hub
128	2025-11-18 08:40:01.583805+00	2025-11-18 08:40:01.583805+00	Tinsukia	Assam	India	27.49	95.36	t	Oil City
129	2025-11-18 08:40:01.583805+00	2025-11-18 08:40:01.583805+00	Tezpur	Assam	India	26.6331	92.7915	t	Cultural City
130	2025-11-18 08:40:01.583805+00	2025-11-18 08:40:01.583805+00	Barpeta	Assam	India	26.3229	91.0062	t	Satriya Hub
131	2025-11-18 08:40:01.583805+00	2025-11-18 08:40:01.583805+00	Goalpara	Assam	India	26.1691	90.6269	t	Agricultural Hub
132	2025-11-18 08:40:01.583805+00	2025-11-18 08:40:01.583805+00	Karimganj	Assam	India	24.8667	92.35	t	Border City
133	2025-11-18 08:40:01.583805+00	2025-11-18 08:40:01.583805+00	Bhopal	Madhya Pradesh	India	23.2599	77.4126	t	City of Lakes
134	2025-11-18 08:40:01.583805+00	2025-11-18 08:40:01.583805+00	Indore	Madhya Pradesh	India	22.7196	75.8577	t	Commercial Capital
135	2025-11-18 08:40:01.583805+00	2025-11-18 08:40:01.583805+00	Gwalior	Madhya Pradesh	India	26.2183	78.1828	t	Tiger City
136	2025-11-18 08:40:01.583805+00	2025-11-18 08:40:01.583805+00	Jabalpur	Madhya Pradesh	India	23.1815	79.9864	t	Marble City
137	2025-11-18 08:40:01.583805+00	2025-11-18 08:40:01.583805+00	Ujjain	Madhya Pradesh	India	23.1765	75.7885	t	Temple City
138	2025-11-18 08:40:01.583805+00	2025-11-18 08:40:01.583805+00	Sagar	Madhya Pradesh	India	23.8338	78.7164	t	Lake City
139	2025-11-18 08:40:01.583805+00	2025-11-18 08:40:01.583805+00	Dewas	Madhya Pradesh	India	22.9656	76.0554	t	Industrial Hub
140	2025-11-18 08:40:01.583805+00	2025-11-18 08:40:01.583805+00	Satna	Madhya Pradesh	India	24.5833	80.8333	t	Cement City
141	2025-11-18 08:40:01.583805+00	2025-11-18 08:40:01.583805+00	Ratlam	Madhya Pradesh	India	23.3315	75.0372	t	Jewel City
142	2025-11-18 08:40:01.583805+00	2025-11-18 08:40:01.583805+00	Murwara	Madhya Pradesh	India	23.85	80.4	t	Coal City
143	2025-11-18 08:40:01.583805+00	2025-11-18 08:40:01.583805+00	Raipur	Chhattisgarh	India	21.2514	81.6296	t	Capital of Chhattisgarh
144	2025-11-18 08:40:01.583805+00	2025-11-18 08:40:01.583805+00	Bhilai	Chhattisgarh	India	21.2092	81.4285	t	Steel City
145	2025-11-18 08:40:01.583805+00	2025-11-18 08:40:01.583805+00	Bilaspur	Chhattisgarh	India	22.08	82.15	t	Rice Bowl
146	2025-11-18 08:40:01.583805+00	2025-11-18 08:40:01.583805+00	Korba	Chhattisgarh	India	22.35	82.68	t	Power Hub
147	2025-11-18 08:40:01.583805+00	2025-11-18 08:40:01.583805+00	Rajnandgaon	Chhattisgarh	India	21.1	81.03	t	Cultural City
148	2025-11-18 08:40:01.583805+00	2025-11-18 08:40:01.583805+00	Durg	Chhattisgarh	India	21.19	81.28	t	Industrial Hub
149	2025-11-18 08:40:01.583805+00	2025-11-18 08:40:01.583805+00	Raigarh	Chhattisgarh	India	21.9	83.4	t	Steel Hub
150	2025-11-18 08:40:01.583805+00	2025-11-18 08:40:01.583805+00	Jagdalpur	Chhattisgarh	India	19.07	82.03	t	Bastar Capital
151	2025-11-18 08:40:01.583805+00	2025-11-18 08:40:01.583805+00	Ambikapur	Chhattisgarh	India	23.12	83.2	t	Surguja Capital
152	2025-11-18 08:40:01.583805+00	2025-11-18 08:40:01.583805+00	Bhatapara	Chhattisgarh	India	21.73	81.95	t	Commercial Hub
153	2025-11-18 08:40:01.583805+00	2025-11-18 08:40:01.583805+00	Srinagar	Jammu and Kashmir	India	34.0837	74.7973	t	Summer Capital
154	2025-11-18 08:40:01.583805+00	2025-11-18 08:40:01.583805+00	Jammu	Jammu and Kashmir	India	32.7266	74.857	t	Winter Capital
155	2025-11-18 08:40:01.583805+00	2025-11-18 08:40:01.583805+00	Anantnag	Jammu and Kashmir	India	33.7311	75.1482	t	Rice Bowl of Kashmir
156	2025-11-18 08:40:01.583805+00	2025-11-18 08:40:01.583805+00	Baramulla	Jammu and Kashmir	India	34.2	74.35	t	Gateway to Kashmir
157	2025-11-18 08:40:01.583805+00	2025-11-18 08:40:01.583805+00	Sopore	Jammu and Kashmir	India	34.3	74.47	t	Apple City
158	2025-11-18 08:40:01.583805+00	2025-11-18 08:40:01.583805+00	Kathua	Jammu and Kashmir	India	32.37	75.52	t	Industrial Hub
159	2025-11-18 08:40:01.583805+00	2025-11-18 08:40:01.583805+00	Udhampur	Jammu and Kashmir	India	32.92	75.13	t	Military Hub
160	2025-11-18 08:40:01.583805+00	2025-11-18 08:40:01.583805+00	Poonch	Jammu and Kashmir	India	33.77	74.09	t	Border City
161	2025-11-18 08:40:01.583805+00	2025-11-18 08:40:01.583805+00	Kupwara	Jammu and Kashmir	India	34.53	74.27	t	Frontier District
162	2025-11-18 08:40:01.583805+00	2025-11-18 08:40:01.583805+00	Kulgam	Jammu and Kashmir	India	33.64	75.02	t	Agricultural Hub
163	2025-11-18 08:40:01.583805+00	2025-11-18 08:40:01.583805+00	Leh	Ladakh	India	34.1526	77.5771	t	Capital of Ladakh
164	2025-11-18 08:40:01.583805+00	2025-11-18 08:40:01.583805+00	Kargil	Ladakh	India	34.5573	76.1262	t	Gateway to Ladakh
165	2025-11-18 08:40:01.583805+00	2025-11-18 08:40:01.583805+00	Panaji	Goa	India	15.4909	73.8278	t	Capital of Goa
166	2025-11-18 08:40:01.583805+00	2025-11-18 08:40:01.583805+00	Margao	Goa	India	15.273	73.9583	t	Commercial Capital
167	2025-11-18 08:40:01.583805+00	2025-11-18 08:40:01.583805+00	Vasco da Gama	Goa	India	15.386	73.8158	t	Port City
168	2025-11-18 08:40:01.583805+00	2025-11-18 08:40:01.583805+00	Mapusa	Goa	India	15.6	73.81	t	Market City
169	2025-11-18 08:40:01.583805+00	2025-11-18 08:40:01.583805+00	Ponda	Goa	India	15.4	74.02	t	Temple City
170	2025-11-18 08:40:01.583805+00	2025-11-18 08:40:01.583805+00	Shimla	Himachal Pradesh	India	31.1048	77.1734	t	Queen of Hills
171	2025-11-18 08:40:01.583805+00	2025-11-18 08:40:01.583805+00	Dharamshala	Himachal Pradesh	India	32.219	76.3234	t	Little Lhasa
172	2025-11-18 08:40:01.583805+00	2025-11-18 08:40:01.583805+00	Solan	Himachal Pradesh	India	30.9045	77.0967	t	Mushroom City
173	2025-11-18 08:40:01.583805+00	2025-11-18 08:40:01.583805+00	Mandi	Himachal Pradesh	India	31.7089	76.9324	t	Choti Kashi
174	2025-11-18 08:40:01.583805+00	2025-11-18 08:40:01.583805+00	Palampur	Himachal Pradesh	India	32.11	76.53	t	Tea Capital
175	2025-11-18 08:40:01.583805+00	2025-11-18 08:40:01.583805+00	Dehradun	Uttarakhand	India	30.3165	78.0322	t	Capital of Uttarakhand
176	2025-11-18 08:40:01.583805+00	2025-11-18 08:40:01.583805+00	Haridwar	Uttarakhand	India	29.9457	78.1642	t	Gateway to Gods
177	2025-11-18 08:40:01.583805+00	2025-11-18 08:40:01.583805+00	Rishikesh	Uttarakhand	India	30.0869	78.2676	t	Yoga Capital
178	2025-11-18 08:40:01.583805+00	2025-11-18 08:40:01.583805+00	Nainital	Uttarakhand	India	29.3919	79.4542	t	Lake City
179	2025-11-18 08:40:01.583805+00	2025-11-18 08:40:01.583805+00	Mussoorie	Uttarakhand	India	30.4591	78.0648	t	Queen of Hills
\.


--
-- Data for Name: device_vehicle_mappings; Type: TABLE DATA; Schema: public; Owner: naarni_backend_service
--

COPY public.device_vehicle_mappings (id, created_at, last_modified_at, device_id, vehicle_id, installation_date, uninstallation_date, installed_by, uninstalled_by, notes) FROM stdin;
1	2025-11-19 08:34:25.860705+00	2025-11-19 08:34:25.860705+00	1	1	2025-11-19 08:34:25.852941+00	\N	ADMIN	\N	\N
2	2025-11-20 06:16:26.177114+00	2025-11-20 06:16:26.177114+00	2	2	2025-11-20 06:16:26.169295+00	\N	ADMIN	\N	\N
3	2025-11-20 06:18:36.254269+00	2025-11-20 06:18:36.254269+00	3	3	2025-11-20 06:18:36.249734+00	\N	Freshbus	\N	\N
4	2025-11-20 06:20:09.838613+00	2025-11-20 06:20:09.838613+00	4	4	2025-11-20 06:20:09.83414+00	\N	ADMIN	\N	\N
5	2025-11-20 06:21:31.150018+00	2025-11-20 06:21:31.150018+00	5	5	2025-11-20 06:21:31.139814+00	\N	ADMIN	\N	\N
6	2025-11-20 06:22:30.148827+00	2025-11-20 06:22:30.148827+00	6	6	2025-11-20 06:22:30.145031+00	\N	ADMIN	\N	\N
7	2025-11-20 06:23:33.852216+00	2025-11-20 06:23:33.852216+00	7	7	2025-11-20 06:23:33.847888+00	\N	ADMIN	\N	\N
8	2025-11-20 06:24:50.313037+00	2025-11-20 06:24:50.313037+00	8	8	2025-11-20 06:24:50.309216+00	\N	ADMIN	\N	\N
9	2025-11-20 06:26:45.445184+00	2025-11-20 06:26:45.445184+00	9	9	2025-11-20 06:26:45.440654+00	\N	ADMIN	\N	\N
10	2025-11-20 06:27:41.94861+00	2025-11-20 06:27:41.94861+00	10	10	2025-11-20 06:27:41.944071+00	\N	ADMIN	\N	\N
11	2025-11-20 06:28:46.006425+00	2025-11-20 06:28:46.006425+00	11	11	2025-11-20 06:28:46.001513+00	\N	ADMIN	\N	\N
12	2025-11-20 06:29:45.427285+00	2025-11-20 06:29:45.427285+00	12	12	2025-11-20 06:29:45.423163+00	\N	ADMIN	\N	\N
13	2025-11-20 06:30:44.40133+00	2025-11-20 06:30:44.40133+00	13	13	2025-11-20 06:30:44.39831+00	\N	ADMIN	\N	\N
14	2025-11-20 06:31:34.886886+00	2025-11-20 06:31:34.886886+00	14	14	2025-11-20 06:31:34.883711+00	\N	ADMIN	\N	\N
15	2025-11-20 06:32:33.883257+00	2025-11-20 06:32:33.883257+00	15	15	2025-11-20 06:32:33.879746+00	\N	ADMIN	\N	\N
16	2025-11-20 06:33:42.499861+00	2025-11-20 06:33:42.499861+00	16	16	2025-11-20 06:33:42.495967+00	\N	ADMIN	\N	\N
17	2025-11-20 06:34:40.207016+00	2025-11-20 06:34:40.207016+00	17	17	2025-11-20 06:34:40.203548+00	\N	ADMIN	\N	\N
18	2025-11-20 06:35:31.812996+00	2025-11-20 06:35:31.812996+00	18	18	2025-11-20 06:35:31.809645+00	\N	ADMIN	\N	\N
19	2025-11-20 06:36:37.045319+00	2025-11-20 06:36:37.045319+00	19	19	2025-11-20 06:36:37.038461+00	\N	ADMIN	\N	\N
20	2025-11-20 06:37:28.531801+00	2025-11-20 06:37:28.531801+00	20	20	2025-11-20 06:37:28.528609+00	\N	ADMIN	\N	\N
21	2025-11-20 06:51:34.864311+00	2025-11-20 06:51:34.864311+00	21	21	2025-11-20 06:51:34.860535+00	\N	ADMIN	\N	\N
22	2025-11-20 06:55:06.087159+00	2025-11-20 06:55:06.087159+00	22	24	2025-11-20 06:55:06.083975+00	\N	ADMIN	\N	\N
23	2025-11-20 06:56:12.372821+00	2025-11-20 06:56:12.372821+00	23	25	2025-11-20 06:56:12.368973+00	\N	ADMIN	\N	\N
24	2025-11-20 06:57:13.777865+00	2025-11-20 06:57:13.777865+00	24	26	2025-11-20 06:57:13.774676+00	\N	ADMIN	\N	\N
25	2025-11-20 06:58:20.052196+00	2025-11-20 06:58:20.052196+00	25	27	2025-11-20 06:58:20.048909+00	\N	ADMIN	\N	\N
\.


--
-- Data for Name: fleet_operator_mappings; Type: TABLE DATA; Schema: public; Owner: naarni_backend_service
--

COPY public.fleet_operator_mappings (id, created_at, last_modified_at, fleet_id, operator_organization_id, operation_start_date, operation_end_date, notes, ended_at, ended_by, end_reason) FROM stdin;
4	2025-11-20 08:00:28.783537+00	2025-11-20 08:00:28.783537+00	1	2	2025-07-01 00:00:00+00	\N	\N	\N	\N	\N
9	2025-11-24 14:23:26.474426+00	2025-11-24 14:23:26.474426+00	2	3	2025-07-01 00:00:00+00	\N	\N	\N	\N	\N
10	2025-12-01 12:09:34.758167+00	2025-12-01 12:09:34.758167+00	1	2	2025-12-01 12:09:34.755986+00	\N	\N	\N	\N	\N
11	2025-12-01 12:09:40.173548+00	2025-12-01 12:09:40.173548+00	2	3	2025-12-01 12:09:40.173401+00	\N	\N	\N	\N	\N
\.


--
-- Data for Name: fleets; Type: TABLE DATA; Schema: public; Owner: naarni_backend_service
--

COPY public.fleets (id, created_at, last_modified_at, name, description, organization_id, financier_organization_id) FROM stdin;
1	2025-11-19 08:32:56.46648+00	2025-11-19 08:32:56.46648+00	zingbus		1	1
2	2025-11-20 06:14:30.948317+00	2025-11-20 06:14:30.948317+00	Freshbus	Freshbus	1	1
\.


--
-- Data for Name: organizations; Type: TABLE DATA; Schema: public; Owner: naarni_backend_service
--

COPY public.organizations (id, created_at, last_modified_at, name, description, organization_type, is_active, address, city, state, country, postal_code, phone, email, website, gst_number, pan_number, parent_organization_id, is_operator) FROM stdin;
1	2025-11-18 14:54:20.139096+00	2025-11-18 14:54:20.139096+00	Naarni	\N	INTERNAL	t	HD-019, WeWork Vaishnavi Signature, No. 78/9 Outer Ring Road, Bellandur, Bangalore, Karnataka, 560103	\N	\N	\N	\N	\N	contact@naarni.com	\N	\N	\N	\N	f
2	2025-11-20 07:59:52.482461+00	2025-11-20 07:59:52.482461+00	zingbus	\N	FLEET_OWNER	t	Gurugram	\N	\N	\N	\N	\N	\N	\N	\N	\N	\N	t
3	2025-11-24 14:22:52.447303+00	2025-11-24 14:22:52.447303+00	Freshbus	\N	FLEET_OWNER	t	\N	\N	\N	\N	\N	\N	\N	\N	\N	\N	\N	f
\.


--
-- Data for Name: routes; Type: TABLE DATA; Schema: public; Owner: naarni_backend_service
--

COPY public.routes (id, created_at, last_modified_at, name, description, start_city_id, end_city_id, distance, estimated_duration, route_type) FROM stdin;
2	2025-11-20 06:12:57.260545+00	2025-11-20 06:12:57.260545+00	Gurgaon to Dehradun		93	175	\N	0	TO_FRO
3	2025-11-20 06:13:33.010365+00	2025-11-20 06:13:33.010365+00	Guntur to Hyderabad		46	43	\N	0	TO_FRO
4	2025-11-20 06:13:59.596541+00	2025-11-20 06:13:59.596541+00	Guntur to Vishakapatnam		46	44	\N	0	TO_FRO
1	2025-11-19 08:36:11.963471+00	2025-11-26 04:21:26.657953+00	Delhi to Dehradun		13	23	\N	0	TO_FRO
\.


--
-- Data for Name: user_accounts; Type: TABLE DATA; Schema: public; Owner: naarni_backend_service
--

COPY public.user_accounts (id, created_at, last_modified_at, uuid, phone, email, is_email_verified, is_phone_verified, organization_id, user_status, last_login_at) FROM stdin;
2	2025-11-18 14:02:59.30599+00	2025-11-24 16:51:55.686181+00	04585794-0228-4d5a-8f10-204af38c98c3	9936142128	mayank.dwivedi@naarni.in	f	t	3	ACTIVE	\N
5	2025-11-24 16:54:42.727246+00	2025-11-24 16:54:42.87352+00	7d106242-97dc-417e-9246-1ef824dfc24f	9711197154	\N	f	f	3	ACTIVE	\N
6	2025-11-26 05:31:46.625756+00	2025-11-26 05:34:11.764049+00	5bacf319-1058-453b-bffa-9283b611866a	8871963339	\N	f	t	2	ACTIVE	\N
1	2025-11-18 13:49:43.993366+00	2025-11-26 11:26:25.660052+00	eee5479b-381c-4f4b-abf8-e815f14de8d7	8884382198	swarchitect@naarni.com	f	t	3	ACTIVE	\N
4	2025-11-24 16:53:47.576626+00	2025-12-01 12:02:00.637218+00	b57a45ad-911f-4bc3-b352-5e8eb9d32d34	9884471275	\N	f	f	3	ACTIVE	\N
7	2025-12-02 09:26:13.796675+00	2025-12-02 09:26:13.90472+00	7b07caa6-d0bd-4317-af1b-618309c4399a	8108993422	\N	f	f	3	ACTIVE	\N
3	2025-11-19 09:34:49.997655+00	2025-12-02 09:34:12.327655+00	db8bb968-1c78-4297-a485-bf6591937966	9717817340	\N	f	t	2	ACTIVE	\N
\.


--
-- Data for Name: user_profiles; Type: TABLE DATA; Schema: public; Owner: naarni_backend_service
--

COPY public.user_profiles (id, created_at, last_modified_at, user_account_id, first_name, last_name, middle_name, profile_picture_url) FROM stdin;
2	2025-11-18 14:02:59.310461+00	2025-11-24 16:51:55.709316+00	2	Mayank	Dwivedi	\N	\N
5	2025-11-24 16:54:42.735578+00	2025-11-24 16:54:42.886319+00	5	Ankit	Singhvi	\N	\N
6	2025-11-26 05:31:46.63019+00	2025-11-26 05:34:11.769592+00	6	Mayank	Dwivedi	\N	\N
1	2025-11-18 13:49:44.00252+00	2025-11-26 11:26:25.667789+00	1	Gaurav	Dingolia	\N	\N
4	2025-11-24 16:53:47.584064+00	2025-12-01 12:02:00.642358+00	4	Anand	Ayyadurai	\N	\N
7	2025-12-02 09:26:13.801459+00	2025-12-02 09:26:13.909198+00	7	nelson	lobo	\N	\N
3	2025-11-19 09:34:50.004342+00	2025-12-02 09:34:12.334138+00	3	Anmol	D	\N	\N
\.


--
-- Data for Name: vehicle_devices; Type: TABLE DATA; Schema: public; Owner: naarni_backend_service
--

COPY public.vehicle_devices (id, created_at, last_modified_at, device_id, device_name, device_type, manufacturer, model, serial_number, status, is_primary, is_active, installed_at, installed_by, uninstalled_at, notes) FROM stdin;
1	2025-11-19 08:30:51.14767+00	2025-11-19 08:30:51.14767+00	3	\N	OBD_DEVICE	BYTEBEAM	GTU-10	\N	ACTIVE	f	t	\N	\N	\N	\N
2	2025-11-20 06:15:34.864972+00	2025-11-20 06:15:34.864972+00	7	\N	OBD_DEVICE	BYTEBEAM	GTU-10	\N	ACTIVE	f	t	\N	\N	\N	\N
3	2025-11-20 06:18:21.734411+00	2025-11-20 06:18:21.734411+00	11	\N	OBD_DEVICE	BYTEBEAM	GTU-10	\N	ACTIVE	f	t	\N	\N	\N	\N
4	2025-11-20 06:19:51.717355+00	2025-11-20 06:19:51.717355+00	13	\N	OBD_DEVICE	BYTEBEAM	GTU-10	\N	ACTIVE	f	t	\N	\N	\N	\N
5	2025-11-20 06:21:22.424816+00	2025-11-20 06:21:22.424816+00	9	\N	OBD_DEVICE	BYTEBEAM	GTU-10	\N	ACTIVE	f	t	\N	\N	\N	\N
6	2025-11-20 06:22:20.724484+00	2025-11-20 06:22:20.724484+00	14	\N	OBD_DEVICE	BYTEBEAM	GTU-10	\N	ACTIVE	f	t	\N	\N	\N	\N
7	2025-11-20 06:23:18.948432+00	2025-11-20 06:23:18.948432+00	6	\N	OBD_DEVICE	BYTEBEAM	GTU-10	\N	ACTIVE	f	t	\N	\N	\N	\N
8	2025-11-20 06:24:42.018258+00	2025-11-20 06:24:42.018258+00	15	\N	OBD_DEVICE	BYTEBEAM	GTU-10	\N	ACTIVE	f	t	\N	\N	\N	\N
9	2025-11-20 06:26:16.111503+00	2025-11-20 06:26:16.111503+00	27	\N	OBD_DEVICE	BYTEBEAM	GTU-10	\N	ACTIVE	f	t	\N	\N	\N	\N
10	2025-11-20 06:27:32.864275+00	2025-11-20 06:27:32.864275+00	12	\N	OBD_DEVICE	BYTEBEAM	GTU-10	\N	ACTIVE	f	t	\N	\N	\N	\N
11	2025-11-20 06:28:30.580511+00	2025-11-20 06:28:30.580511+00	29	\N	OBD_DEVICE	BYTEBEAM	GTU-10	\N	ACTIVE	f	t	\N	\N	\N	\N
12	2025-11-20 06:29:37.011134+00	2025-11-20 06:29:37.011134+00	25	\N	OBD_DEVICE	BYTEBEAM	GTU-10	\N	ACTIVE	f	t	\N	\N	\N	\N
13	2025-11-20 06:30:32.351871+00	2025-11-20 06:30:32.351871+00	31	\N	OBD_DEVICE	BYTEBEAM	GTU-10	\N	ACTIVE	f	t	\N	\N	\N	\N
14	2025-11-20 06:31:25.100012+00	2025-11-20 06:31:25.100012+00	20	\N	OBD_DEVICE	BYTEBEAM	GTU-10	\N	ACTIVE	f	t	\N	\N	\N	\N
15	2025-11-20 06:32:26.19655+00	2025-11-20 06:32:26.19655+00	30	\N	OBD_DEVICE	BYTEBEAM	GTU-10	\N	ACTIVE	f	t	\N	\N	\N	\N
16	2025-11-20 06:33:31.896293+00	2025-11-20 06:33:31.896293+00	46	\N	OBD_DEVICE	BYTEBEAM	GTU-10	\N	ACTIVE	f	t	\N	\N	\N	\N
17	2025-11-20 06:34:31.937363+00	2025-11-20 06:34:31.937363+00	35	\N	OBD_DEVICE	BYTEBEAM	GTU-10	\N	ACTIVE	f	t	\N	\N	\N	\N
18	2025-11-20 06:35:23.099374+00	2025-11-20 06:35:23.099374+00	41	\N	OBD_DEVICE	BYTEBEAM	GTU-10	\N	ACTIVE	f	t	\N	\N	\N	\N
19	2025-11-20 06:36:27.705179+00	2025-11-20 06:36:27.705179+00	33	\N	OBD_DEVICE	BYTEBEAM	GTU-10	\N	ACTIVE	f	t	\N	\N	\N	\N
20	2025-11-20 06:37:19.134706+00	2025-11-20 06:37:19.134706+00	28	\N	OBD_DEVICE	BYTEBEAM	GTU-10	\N	ACTIVE	f	t	\N	\N	\N	\N
21	2025-11-20 06:38:56.496485+00	2025-11-20 06:38:56.496485+00	16	\N	OBD_DEVICE	BYTEBEAM	GTU-10	\N	ACTIVE	f	t	\N	\N	\N	\N
22	2025-11-20 06:54:38.652254+00	2025-11-20 06:54:38.652254+00	19	\N	OBD_DEVICE	BYTEBEAM	GTU-10	\N	ACTIVE	f	t	\N	\N	\N	\N
23	2025-11-20 06:55:58.868762+00	2025-11-20 06:55:58.868762+00	18	\N	OBD_DEVICE	BYTEBEAM	GTU-10	\N	ACTIVE	f	t	\N	\N	\N	\N
24	2025-11-20 06:56:59.651996+00	2025-11-20 06:56:59.651996+00	32	\N	OBD_DEVICE	BYTEBEAM	GTU-10	\N	ACTIVE	f	t	\N	\N	\N	\N
25	2025-11-20 06:58:09.931831+00	2025-11-20 06:58:09.931831+00	42	\N	OBD_DEVICE	BYTEBEAM	GTU-10	\N	ACTIVE	f	t	\N	\N	\N	\N
\.


--
-- Data for Name: vehicle_goals; Type: TABLE DATA; Schema: public; Owner: naarni_backend_service
--

COPY public.vehicle_goals (id, created_at, last_modified_at, vehicle_id, route_id, day, target_km_run, is_active, effective_from, effective_until, notes, created_by) FROM stdin;
1	2025-11-19 08:36:34.624608+00	2025-11-19 08:36:34.624608+00	1	1	1	500	t	2025-11-19 08:36:34.623739+00	\N	\N	\N
2	2025-11-19 08:36:41.066786+00	2025-11-19 08:36:41.066786+00	1	1	2	500	t	2025-11-19 08:36:41.06663+00	\N	\N	\N
3	2025-11-19 08:36:47.794503+00	2025-11-19 08:36:47.794503+00	1	1	3	500	t	2025-11-19 08:36:47.794364+00	\N	\N	\N
4	2025-11-19 08:36:57.399369+00	2025-11-19 08:36:57.399369+00	1	1	4	500	t	2025-11-19 08:36:57.399221+00	\N	\N	\N
5	2025-11-19 08:37:07.917385+00	2025-11-19 08:37:07.917385+00	1	1	5	500	t	2025-11-19 08:37:07.917232+00	\N	\N	\N
6	2025-11-19 08:37:20.965457+00	2025-11-19 08:37:20.965457+00	1	1	6	500	t	2025-11-19 08:37:20.965289+00	\N	\N	\N
7	2025-11-19 08:37:27.523175+00	2025-11-19 08:37:27.523175+00	1	1	7	500	t	2025-11-19 08:37:27.523017+00	\N	\N	\N
8	2025-11-26 04:14:19.09778+00	2025-11-26 04:14:19.09778+00	3	4	1	800	t	2025-11-26 04:14:19.094679+00	\N	\N	\N
9	2025-11-26 04:14:29.664971+00	2025-11-26 04:14:29.664971+00	3	4	2	800	t	2025-11-26 04:14:29.664829+00	\N	\N	\N
10	2025-11-26 04:14:40.199649+00	2025-11-26 04:14:40.199649+00	3	4	3	800	t	2025-11-26 04:14:40.198687+00	\N	\N	\N
11	2025-11-26 04:14:48.284782+00	2025-11-26 04:14:48.284782+00	3	4	4	800	t	2025-11-26 04:14:48.284581+00	\N	\N	\N
12	2025-11-26 04:14:58.333664+00	2025-11-26 04:14:58.333664+00	3	3	5	800	t	2025-11-26 04:14:58.33352+00	\N	\N	\N
13	2025-11-26 04:15:05.664708+00	2025-11-26 04:15:05.664708+00	3	4	5	800	t	2025-11-26 04:15:05.664564+00	\N	\N	\N
14	2025-11-26 04:15:13.331407+00	2025-11-26 04:15:13.331407+00	3	4	6	800	t	2025-11-26 04:15:13.331233+00	\N	\N	\N
15	2025-11-26 04:15:24.62515+00	2025-11-26 04:15:24.62515+00	3	4	7	800	t	2025-11-26 04:15:24.624997+00	\N	\N	\N
16	2025-11-26 04:15:39.818006+00	2025-11-26 04:15:39.818006+00	5	4	1	700	t	2025-11-26 04:15:39.817834+00	\N	\N	\N
17	2025-11-26 04:15:51.071072+00	2025-11-26 04:15:51.071072+00	5	4	2	800	t	2025-11-26 04:15:51.070913+00	\N	\N	\N
18	2025-11-26 04:15:58.345953+00	2025-11-26 04:15:58.345953+00	5	4	3	800	t	2025-11-26 04:15:58.345796+00	\N	\N	\N
19	2025-11-26 04:16:05.114512+00	2025-11-26 04:16:05.114512+00	5	4	4	800	t	2025-11-26 04:16:05.114362+00	\N	\N	\N
20	2025-11-26 04:16:11.249825+00	2025-11-26 04:16:11.249825+00	5	4	5	800	t	2025-11-26 04:16:11.249675+00	\N	\N	\N
21	2025-11-26 04:16:20.651328+00	2025-11-26 04:16:20.651328+00	5	4	6	800	t	2025-11-26 04:16:20.651149+00	\N	\N	\N
22	2025-11-26 04:16:25.861686+00	2025-11-26 04:16:25.861686+00	5	4	7	800	t	2025-11-26 04:16:25.861537+00	\N	\N	\N
23	2025-11-26 04:17:06.398682+00	2025-11-26 04:17:06.398682+00	6	1	1	800	t	2025-11-26 04:17:06.398515+00	\N	\N	\N
24	2025-11-26 04:17:14.671092+00	2025-11-26 04:17:14.671092+00	6	4	2	800	t	2025-11-26 04:17:14.670951+00	\N	\N	\N
25	2025-11-26 04:17:20.779312+00	2025-11-26 04:17:20.779312+00	6	4	3	800	t	2025-11-26 04:17:20.779151+00	\N	\N	\N
26	2025-11-26 04:17:26.86098+00	2025-11-26 04:17:26.86098+00	6	4	4	800	t	2025-11-26 04:17:26.860839+00	\N	\N	\N
27	2025-11-26 04:17:31.651233+00	2025-11-26 04:17:31.651233+00	6	4	5	800	t	2025-11-26 04:17:31.651069+00	\N	\N	\N
28	2025-11-26 04:17:38.832155+00	2025-11-26 04:17:38.832155+00	6	4	6	800	t	2025-11-26 04:17:38.832008+00	\N	\N	\N
29	2025-11-26 04:17:43.488905+00	2025-11-26 04:17:43.488905+00	6	4	7	800	t	2025-11-26 04:17:43.488749+00	\N	\N	\N
30	2025-11-26 04:18:00.834886+00	2025-11-26 04:18:00.834886+00	7	3	1	700	t	2025-11-26 04:18:00.834737+00	\N	\N	\N
31	2025-11-26 04:18:10.412874+00	2025-11-26 04:18:10.412874+00	7	3	2	700	t	2025-11-26 04:18:10.412726+00	\N	\N	\N
32	2025-11-26 04:18:15.415861+00	2025-11-26 04:18:15.415861+00	7	4	3	700	t	2025-11-26 04:18:15.415689+00	\N	\N	\N
33	2025-11-26 04:18:21.671042+00	2025-11-26 04:18:21.671042+00	7	3	4	700	t	2025-11-26 04:18:21.670903+00	\N	\N	\N
34	2025-11-26 04:18:29.401907+00	2025-11-26 04:18:29.401907+00	7	3	5	700	t	2025-11-26 04:18:29.401765+00	\N	\N	\N
35	2025-11-26 04:18:47.907058+00	2025-11-26 04:18:47.907058+00	7	3	6	700	t	2025-11-26 04:18:47.906879+00	\N	\N	\N
36	2025-11-26 04:18:54.194055+00	2025-11-26 04:18:54.194055+00	7	3	7	700	t	2025-11-26 04:18:54.193889+00	\N	\N	\N
37	2025-11-26 04:19:05.82064+00	2025-11-26 04:19:05.82064+00	7	3	3	700	t	2025-11-26 04:19:05.820504+00	\N	\N	\N
38	2025-11-26 04:19:24.340633+00	2025-11-26 04:19:24.340633+00	8	3	1	700	t	2025-11-26 04:19:24.340458+00	\N	\N	\N
39	2025-11-26 04:19:30.954528+00	2025-11-26 04:19:30.954528+00	8	3	2	700	t	2025-11-26 04:19:30.954387+00	\N	\N	\N
40	2025-11-26 04:19:36.240638+00	2025-11-26 04:19:36.240638+00	8	3	3	700	t	2025-11-26 04:19:36.240221+00	\N	\N	\N
41	2025-11-26 04:19:41.712025+00	2025-11-26 04:19:41.712025+00	8	3	4	700	t	2025-11-26 04:19:41.711882+00	\N	\N	\N
42	2025-11-26 04:19:49.136432+00	2025-11-26 04:19:49.136432+00	8	3	5	700	t	2025-11-26 04:19:49.136285+00	\N	\N	\N
43	2025-11-26 04:19:56.679237+00	2025-11-26 04:19:56.679237+00	8	3	6	700	t	2025-11-26 04:19:56.679086+00	\N	\N	\N
44	2025-11-26 04:20:02.244604+00	2025-11-26 04:20:02.244604+00	8	3	7	700	t	2025-11-26 04:20:02.244452+00	\N	\N	\N
\.


--
-- Data for Name: vehicles; Type: TABLE DATA; Schema: public; Owner: naarni_backend_service
--

COPY public.vehicles (id, created_at, last_modified_at, registration_number, model, make, year, capacity, status, is_active, fleet_id) FROM stdin;
3	2025-11-20 06:17:31.344824+00	2025-11-20 06:17:31.344824+00	AP39WF8593	AZAD 12.5 M Luxury intercity AC Coach - seater cum sleeper	AZAD	2025	\N	NOT_MOVING	t	2
5	2025-11-20 06:20:53.661749+00	2025-11-20 06:20:53.661749+00	AP39WG0252	AZAD 12.5 M Luxury intercity AC Coach - seater cum sleeper	AZAD	2025	\N	NOT_MOVING	t	2
6	2025-11-20 06:22:05.430863+00	2025-11-20 06:22:05.430863+00	AP39WG0271	AZAD 12.5 M Luxury intercity AC Coach - seater cum sleeper	AZAD	2025	\N	NOT_MOVING	t	2
7	2025-11-20 06:23:05.082257+00	2025-11-20 06:23:59.068766+00	AP39WG4628	A_12_M	AZAD	2025	\N	NOT_MOVING	t	2
8	2025-11-20 06:24:25.992319+00	2025-11-20 06:24:25.992319+00	AP39WG4630	AZAD 12.5 M Luxury intercity AC Coach - seater cum sleeper	AZAD	2025	\N	NOT_MOVING	t	2
9	2025-11-20 06:25:41.814291+00	2025-11-20 06:25:41.814291+00	TN14AR3998	AZAD 12.5 M Luxury intercity AC Coach - seater cum sleeper	AZAD	2025	\N	NOT_MOVING	t	2
10	2025-11-20 06:27:14.804087+00	2025-11-20 06:27:14.804087+00	TN14AR3907	AZAD 12.5 M Luxury intercity AC Coach - seater cum sleeper	AZAD	2025	\N	NOT_MOVING	t	2
11	2025-11-20 06:28:11.509582+00	2025-11-20 06:28:11.509582+00	TN14AR7503	AZAD 12.5 M Luxury intercity AC Coach - seater cum sleeper	AZAD	2025	\N	NOT_MOVING	t	2
12	2025-11-20 06:29:17.256648+00	2025-11-20 06:29:17.256648+00	TN14AR7591	AZAD 12.5 M Luxury intercity AC Coach - seater cum sleeper	AZAD	2025	\N	NOT_MOVING	t	2
13	2025-11-20 06:30:16.010638+00	2025-11-20 06:30:16.010638+00	TN14AR7549	AZAD 12.5 M Luxury intercity AC Coach - seater cum sleeper	AZAD	2025	\N	NOT_MOVING	t	2
14	2025-11-20 06:31:10.998892+00	2025-11-20 06:31:10.998892+00	TN14AR7552	AZAD 12.5 M Luxury intercity AC Coach - seater cum sleeper	AZAD	2025	\N	NOT_MOVING	t	2
15	2025-11-20 06:32:07.435994+00	2025-11-20 06:32:07.435994+00	TN14AR9290	AZAD 12.5 M Luxury intercity AC Coach - seater cum sleeper	AZAD	2025	\N	NOT_MOVING	t	2
16	2025-11-20 06:33:09.270156+00	2025-11-20 06:33:09.270156+00	TN14AR9230	AZAD 12.5 M Luxury intercity AC Coach - seater cum sleeper	AZAD	2025	\N	NOT_MOVING	t	2
17	2025-11-20 06:34:21.876718+00	2025-11-20 06:34:21.876718+00	TN14AS0860	AZAD 12.5 M Luxury intercity AC Coach - seater cum sleeper	AZAD	2025	\N	NOT_MOVING	t	2
18	2025-11-20 06:35:11.310162+00	2025-11-20 06:35:11.310162+00	TN14AS0825	AZAD 12.5 M Luxury intercity AC Coach - seater cum sleeper	AZAD	2025	\N	NOT_MOVING	t	2
19	2025-11-20 06:36:13.603433+00	2025-11-20 06:36:13.603433+00	TN14AR6430	AZAD 12 M Luxury Intercity AC Coach	AZAD	2025	\N	NOT_MOVING	t	2
20	2025-11-20 06:37:07.791242+00	2025-11-20 06:37:07.791242+00	TN14AR6084	AZAD 12 M Luxury Intercity AC Coach	AZAD	2025	\N	NOT_MOVING	t	2
21	2025-11-20 06:38:42.865183+00	2025-11-20 06:38:42.865183+00	HR55AY9237	AZAD 12.5 M Luxury intercity AC Coach - seater cum sleeper	AZAD	2025	\N	NOT_MOVING	t	1
24	2025-11-20 06:54:25.07671+00	2025-11-20 06:54:25.07671+00	DL1PD8523	AZAD 12.5 M Luxury intercity AC Coach - seater cum sleeper	AZAD	2025	\N	NOT_MOVING	t	1
25	2025-11-20 06:55:44.330442+00	2025-11-20 06:55:44.330442+00	DL1PD8509	AZAD 12.5 M Luxury intercity AC Coach - seater cum sleeper	AZAD	2025	\N	NOT_MOVING	t	1
26	2025-11-20 06:56:46.713292+00	2025-11-20 06:56:46.713292+00	DL1PD8652	AZAD 12.5 M Luxury intercity AC Coach - seater cum sleeper	AZAD	2025	\N	NOT_MOVING	t	1
27	2025-11-20 06:57:51.05328+00	2025-11-20 06:57:51.05328+00	DL1PD8669	AZAD 12.5 M Luxury intercity AC Coach - seater cum sleeper	AZAD	2025	\N	NOT_MOVING	t	1
2	2025-11-20 06:16:17.543793+00	2025-11-20 08:08:13.811661+00	AP39WF8589	AZAD 12.5 M Luxury intercity AC Coach - seater cum sleeper	AZAD	2025	\N	NOT_MOVING	t	2
4	2025-11-20 06:19:29.542333+00	2025-11-21 15:16:06.062121+00	AP39WF8584	AZAD 12.5 M Luxury intercity AC Coach - seater cum sleeper	AZAD	2025	\N	NOT_MOVING	t	2
1	2025-11-19 08:34:10.840015+00	2025-12-01 12:12:19.116846+00	HR55AY7626	A_12.5_M	AZAD	2025	\N	NOT_MOVING	t	1
\.


--
-- Name: cities_id_seq; Type: SEQUENCE SET; Schema: public; Owner: naarni_backend_service
--

SELECT pg_catalog.setval('public.cities_id_seq', 179, true);


--
-- Name: device_vehicle_mappings_id_seq; Type: SEQUENCE SET; Schema: public; Owner: naarni_backend_service
--

SELECT pg_catalog.setval('public.device_vehicle_mappings_id_seq', 25, true);


--
-- Name: fleet_operator_mappings_id_seq; Type: SEQUENCE SET; Schema: public; Owner: naarni_backend_service
--

SELECT pg_catalog.setval('public.fleet_operator_mappings_id_seq', 11, true);


--
-- Name: fleets_id_seq; Type: SEQUENCE SET; Schema: public; Owner: naarni_backend_service
--

SELECT pg_catalog.setval('public.fleets_id_seq', 2, true);


--
-- Name: organizations_id_seq; Type: SEQUENCE SET; Schema: public; Owner: naarni_backend_service
--

SELECT pg_catalog.setval('public.organizations_id_seq', 3, true);


--
-- Name: routes_id_seq; Type: SEQUENCE SET; Schema: public; Owner: naarni_backend_service
--

SELECT pg_catalog.setval('public.routes_id_seq', 4, true);


--
-- Name: user_accounts_id_seq; Type: SEQUENCE SET; Schema: public; Owner: naarni_backend_service
--

SELECT pg_catalog.setval('public.user_accounts_id_seq', 7, true);


--
-- Name: user_profiles_id_seq; Type: SEQUENCE SET; Schema: public; Owner: naarni_backend_service
--

SELECT pg_catalog.setval('public.user_profiles_id_seq', 7, true);


--
-- Name: vehicle_devices_id_seq; Type: SEQUENCE SET; Schema: public; Owner: naarni_backend_service
--

SELECT pg_catalog.setval('public.vehicle_devices_id_seq', 25, true);


--
-- Name: vehicle_goals_id_seq; Type: SEQUENCE SET; Schema: public; Owner: naarni_backend_service
--

SELECT pg_catalog.setval('public.vehicle_goals_id_seq', 44, true);


--
-- Name: vehicles_id_seq; Type: SEQUENCE SET; Schema: public; Owner: naarni_backend_service
--

SELECT pg_catalog.setval('public.vehicles_id_seq', 27, true);


--
-- Name: cities pk_cities; Type: CONSTRAINT; Schema: public; Owner: naarni_backend_service
--

ALTER TABLE ONLY public.cities
    ADD CONSTRAINT pk_cities PRIMARY KEY (id);


--
-- Name: device_vehicle_mappings pk_device_vehicle_mappings; Type: CONSTRAINT; Schema: public; Owner: naarni_backend_service
--

ALTER TABLE ONLY public.device_vehicle_mappings
    ADD CONSTRAINT pk_device_vehicle_mappings PRIMARY KEY (id);


--
-- Name: fleet_operator_mappings pk_fleet_operator_mappings; Type: CONSTRAINT; Schema: public; Owner: naarni_backend_service
--

ALTER TABLE ONLY public.fleet_operator_mappings
    ADD CONSTRAINT pk_fleet_operator_mappings PRIMARY KEY (id);


--
-- Name: fleets pk_fleets; Type: CONSTRAINT; Schema: public; Owner: naarni_backend_service
--

ALTER TABLE ONLY public.fleets
    ADD CONSTRAINT pk_fleets PRIMARY KEY (id);


--
-- Name: organizations pk_organizations; Type: CONSTRAINT; Schema: public; Owner: naarni_backend_service
--

ALTER TABLE ONLY public.organizations
    ADD CONSTRAINT pk_organizations PRIMARY KEY (id);


--
-- Name: routes pk_routes; Type: CONSTRAINT; Schema: public; Owner: naarni_backend_service
--

ALTER TABLE ONLY public.routes
    ADD CONSTRAINT pk_routes PRIMARY KEY (id);


--
-- Name: user_accounts pk_user_accounts; Type: CONSTRAINT; Schema: public; Owner: naarni_backend_service
--

ALTER TABLE ONLY public.user_accounts
    ADD CONSTRAINT pk_user_accounts PRIMARY KEY (id);


--
-- Name: user_profiles pk_user_profiles; Type: CONSTRAINT; Schema: public; Owner: naarni_backend_service
--

ALTER TABLE ONLY public.user_profiles
    ADD CONSTRAINT pk_user_profiles PRIMARY KEY (id);


--
-- Name: vehicle_devices pk_vehicle_devices; Type: CONSTRAINT; Schema: public; Owner: naarni_backend_service
--

ALTER TABLE ONLY public.vehicle_devices
    ADD CONSTRAINT pk_vehicle_devices PRIMARY KEY (id);


--
-- Name: vehicle_goals pk_vehicle_goals; Type: CONSTRAINT; Schema: public; Owner: naarni_backend_service
--

ALTER TABLE ONLY public.vehicle_goals
    ADD CONSTRAINT pk_vehicle_goals PRIMARY KEY (id);


--
-- Name: vehicles pk_vehicles; Type: CONSTRAINT; Schema: public; Owner: naarni_backend_service
--

ALTER TABLE ONLY public.vehicles
    ADD CONSTRAINT pk_vehicles PRIMARY KEY (id);


--
-- Name: routes uc_routes_start_city_end_city; Type: CONSTRAINT; Schema: public; Owner: naarni_backend_service
--

ALTER TABLE ONLY public.routes
    ADD CONSTRAINT uc_routes_start_city_end_city UNIQUE (start_city_id, end_city_id);


--
-- Name: user_accounts uc_user_accounts_email; Type: CONSTRAINT; Schema: public; Owner: naarni_backend_service
--

ALTER TABLE ONLY public.user_accounts
    ADD CONSTRAINT uc_user_accounts_email UNIQUE (email);


--
-- Name: user_accounts uc_user_accounts_phone; Type: CONSTRAINT; Schema: public; Owner: naarni_backend_service
--

ALTER TABLE ONLY public.user_accounts
    ADD CONSTRAINT uc_user_accounts_phone UNIQUE (phone);


--
-- Name: user_accounts uc_user_accounts_uuid; Type: CONSTRAINT; Schema: public; Owner: naarni_backend_service
--

ALTER TABLE ONLY public.user_accounts
    ADD CONSTRAINT uc_user_accounts_uuid UNIQUE (uuid);


--
-- Name: vehicle_devices uc_vehicle_devices_device; Type: CONSTRAINT; Schema: public; Owner: naarni_backend_service
--

ALTER TABLE ONLY public.vehicle_devices
    ADD CONSTRAINT uc_vehicle_devices_device UNIQUE (device_id, manufacturer);


--
-- Name: vehicles uc_vehicles_registration_number; Type: CONSTRAINT; Schema: public; Owner: naarni_backend_service
--

ALTER TABLE ONLY public.vehicles
    ADD CONSTRAINT uc_vehicles_registration_number UNIQUE (registration_number);


--
-- Name: vehicle_goals uk_vehicle_goals_vehicle_route_day; Type: CONSTRAINT; Schema: public; Owner: naarni_backend_service
--

ALTER TABLE ONLY public.vehicle_goals
    ADD CONSTRAINT uk_vehicle_goals_vehicle_route_day UNIQUE (vehicle_id, route_id, day);


--
-- Name: idx_cities_country; Type: INDEX; Schema: public; Owner: naarni_backend_service
--

CREATE INDEX idx_cities_country ON public.cities USING btree (country);


--
-- Name: idx_cities_name_state; Type: INDEX; Schema: public; Owner: naarni_backend_service
--

CREATE INDEX idx_cities_name_state ON public.cities USING btree (name, state);


--
-- Name: idx_device_vehicle_mappings_device; Type: INDEX; Schema: public; Owner: naarni_backend_service
--

CREATE INDEX idx_device_vehicle_mappings_device ON public.device_vehicle_mappings USING btree (device_id);


--
-- Name: idx_device_vehicle_mappings_vehicle; Type: INDEX; Schema: public; Owner: naarni_backend_service
--

CREATE INDEX idx_device_vehicle_mappings_vehicle ON public.device_vehicle_mappings USING btree (vehicle_id);


--
-- Name: idx_fleet_operator_mappings_fleet; Type: INDEX; Schema: public; Owner: naarni_backend_service
--

CREATE INDEX idx_fleet_operator_mappings_fleet ON public.fleet_operator_mappings USING btree (fleet_id);


--
-- Name: idx_fleet_operator_mappings_operator; Type: INDEX; Schema: public; Owner: naarni_backend_service
--

CREATE INDEX idx_fleet_operator_mappings_operator ON public.fleet_operator_mappings USING btree (operator_organization_id);


--
-- Name: idx_fleets_financier; Type: INDEX; Schema: public; Owner: naarni_backend_service
--

CREATE INDEX idx_fleets_financier ON public.fleets USING btree (financier_organization_id);


--
-- Name: idx_fleets_organization; Type: INDEX; Schema: public; Owner: naarni_backend_service
--

CREATE INDEX idx_fleets_organization ON public.fleets USING btree (organization_id);


--
-- Name: idx_organizations_name; Type: INDEX; Schema: public; Owner: naarni_backend_service
--

CREATE INDEX idx_organizations_name ON public.organizations USING btree (name);


--
-- Name: idx_organizations_parent; Type: INDEX; Schema: public; Owner: naarni_backend_service
--

CREATE INDEX idx_organizations_parent ON public.organizations USING btree (parent_organization_id);


--
-- Name: idx_organizations_type; Type: INDEX; Schema: public; Owner: naarni_backend_service
--

CREATE INDEX idx_organizations_type ON public.organizations USING btree (organization_type);


--
-- Name: idx_routes_end_city; Type: INDEX; Schema: public; Owner: naarni_backend_service
--

CREATE INDEX idx_routes_end_city ON public.routes USING btree (end_city_id);


--
-- Name: idx_routes_start_city; Type: INDEX; Schema: public; Owner: naarni_backend_service
--

CREATE INDEX idx_routes_start_city ON public.routes USING btree (start_city_id);


--
-- Name: idx_user_accounts_email; Type: INDEX; Schema: public; Owner: naarni_backend_service
--

CREATE INDEX idx_user_accounts_email ON public.user_accounts USING btree (email);


--
-- Name: idx_user_accounts_organization; Type: INDEX; Schema: public; Owner: naarni_backend_service
--

CREATE INDEX idx_user_accounts_organization ON public.user_accounts USING btree (organization_id);


--
-- Name: idx_user_accounts_phone; Type: INDEX; Schema: public; Owner: naarni_backend_service
--

CREATE INDEX idx_user_accounts_phone ON public.user_accounts USING btree (phone);


--
-- Name: idx_user_accounts_uuid; Type: INDEX; Schema: public; Owner: naarni_backend_service
--

CREATE INDEX idx_user_accounts_uuid ON public.user_accounts USING btree (uuid);


--
-- Name: idx_user_profiles_user_account; Type: INDEX; Schema: public; Owner: naarni_backend_service
--

CREATE INDEX idx_user_profiles_user_account ON public.user_profiles USING btree (user_account_id);


--
-- Name: idx_vehicle_devices_device_id; Type: INDEX; Schema: public; Owner: naarni_backend_service
--

CREATE INDEX idx_vehicle_devices_device_id ON public.vehicle_devices USING btree (device_id);


--
-- Name: idx_vehicle_devices_type; Type: INDEX; Schema: public; Owner: naarni_backend_service
--

CREATE INDEX idx_vehicle_devices_type ON public.vehicle_devices USING btree (device_type);


--
-- Name: idx_vehicle_goals_is_active; Type: INDEX; Schema: public; Owner: naarni_backend_service
--

CREATE INDEX idx_vehicle_goals_is_active ON public.vehicle_goals USING btree (is_active);


--
-- Name: idx_vehicle_goals_route_vehicle; Type: INDEX; Schema: public; Owner: naarni_backend_service
--

CREATE INDEX idx_vehicle_goals_route_vehicle ON public.vehicle_goals USING btree (route_id, vehicle_id);


--
-- Name: idx_vehicles_fleet; Type: INDEX; Schema: public; Owner: naarni_backend_service
--

CREATE INDEX idx_vehicles_fleet ON public.vehicles USING btree (fleet_id);


--
-- Name: idx_vehicles_registration; Type: INDEX; Schema: public; Owner: naarni_backend_service
--

CREATE INDEX idx_vehicles_registration ON public.vehicles USING btree (registration_number);


--
-- Name: idx_vehicles_status; Type: INDEX; Schema: public; Owner: naarni_backend_service
--

CREATE INDEX idx_vehicles_status ON public.vehicles USING btree (status);


--
-- Name: device_vehicle_mappings fk_device_vehicle_mappings_device; Type: FK CONSTRAINT; Schema: public; Owner: naarni_backend_service
--

ALTER TABLE ONLY public.device_vehicle_mappings
    ADD CONSTRAINT fk_device_vehicle_mappings_device FOREIGN KEY (device_id) REFERENCES public.vehicle_devices(id);


--
-- Name: device_vehicle_mappings fk_device_vehicle_mappings_vehicle; Type: FK CONSTRAINT; Schema: public; Owner: naarni_backend_service
--

ALTER TABLE ONLY public.device_vehicle_mappings
    ADD CONSTRAINT fk_device_vehicle_mappings_vehicle FOREIGN KEY (vehicle_id) REFERENCES public.vehicles(id);


--
-- Name: fleet_operator_mappings fk_fleet_operator_mappings_fleet; Type: FK CONSTRAINT; Schema: public; Owner: naarni_backend_service
--

ALTER TABLE ONLY public.fleet_operator_mappings
    ADD CONSTRAINT fk_fleet_operator_mappings_fleet FOREIGN KEY (fleet_id) REFERENCES public.fleets(id);


--
-- Name: fleet_operator_mappings fk_fleet_operator_mappings_operator; Type: FK CONSTRAINT; Schema: public; Owner: naarni_backend_service
--

ALTER TABLE ONLY public.fleet_operator_mappings
    ADD CONSTRAINT fk_fleet_operator_mappings_operator FOREIGN KEY (operator_organization_id) REFERENCES public.organizations(id);


--
-- Name: fleets fk_fleets_financier; Type: FK CONSTRAINT; Schema: public; Owner: naarni_backend_service
--

ALTER TABLE ONLY public.fleets
    ADD CONSTRAINT fk_fleets_financier FOREIGN KEY (financier_organization_id) REFERENCES public.organizations(id);


--
-- Name: fleets fk_fleets_organization; Type: FK CONSTRAINT; Schema: public; Owner: naarni_backend_service
--

ALTER TABLE ONLY public.fleets
    ADD CONSTRAINT fk_fleets_organization FOREIGN KEY (organization_id) REFERENCES public.organizations(id);


--
-- Name: organizations fk_organizations_parent; Type: FK CONSTRAINT; Schema: public; Owner: naarni_backend_service
--

ALTER TABLE ONLY public.organizations
    ADD CONSTRAINT fk_organizations_parent FOREIGN KEY (parent_organization_id) REFERENCES public.organizations(id);


--
-- Name: routes fk_routes_end_city; Type: FK CONSTRAINT; Schema: public; Owner: naarni_backend_service
--

ALTER TABLE ONLY public.routes
    ADD CONSTRAINT fk_routes_end_city FOREIGN KEY (end_city_id) REFERENCES public.cities(id);


--
-- Name: routes fk_routes_start_city; Type: FK CONSTRAINT; Schema: public; Owner: naarni_backend_service
--

ALTER TABLE ONLY public.routes
    ADD CONSTRAINT fk_routes_start_city FOREIGN KEY (start_city_id) REFERENCES public.cities(id);


--
-- Name: user_accounts fk_user_accounts_organization; Type: FK CONSTRAINT; Schema: public; Owner: naarni_backend_service
--

ALTER TABLE ONLY public.user_accounts
    ADD CONSTRAINT fk_user_accounts_organization FOREIGN KEY (organization_id) REFERENCES public.organizations(id);


--
-- Name: user_profiles fk_user_profiles_user_account; Type: FK CONSTRAINT; Schema: public; Owner: naarni_backend_service
--

ALTER TABLE ONLY public.user_profiles
    ADD CONSTRAINT fk_user_profiles_user_account FOREIGN KEY (user_account_id) REFERENCES public.user_accounts(id);


--
-- Name: vehicle_goals fk_vehicle_goals_created_by; Type: FK CONSTRAINT; Schema: public; Owner: naarni_backend_service
--

ALTER TABLE ONLY public.vehicle_goals
    ADD CONSTRAINT fk_vehicle_goals_created_by FOREIGN KEY (created_by) REFERENCES public.user_accounts(id);


--
-- Name: vehicle_goals fk_vehicle_goals_organization; Type: FK CONSTRAINT; Schema: public; Owner: naarni_backend_service
--

ALTER TABLE ONLY public.vehicle_goals
    ADD CONSTRAINT fk_vehicle_goals_organization FOREIGN KEY (vehicle_id) REFERENCES public.vehicles(id);


--
-- Name: vehicle_goals fk_vehicle_goals_route; Type: FK CONSTRAINT; Schema: public; Owner: naarni_backend_service
--

ALTER TABLE ONLY public.vehicle_goals
    ADD CONSTRAINT fk_vehicle_goals_route FOREIGN KEY (route_id) REFERENCES public.routes(id);


--
-- Name: vehicles fk_vehicles_fleet; Type: FK CONSTRAINT; Schema: public; Owner: naarni_backend_service
--

ALTER TABLE ONLY public.vehicles
    ADD CONSTRAINT fk_vehicles_fleet FOREIGN KEY (fleet_id) REFERENCES public.fleets(id);


--
-- PostgreSQL database dump complete
--

\unrestrict cCHKjdxlNa0FLicvwFc8Fud5DnZ0BERCgovvFjdFyERYjvIxkxAaMMnDXBMriwi

